406,0.001,0.405,-0.649,0.306,-0.175,0
407,0.002,0.406,-0.6469,0.306,-0.175,0
408,0.003,0.407,-0.6448,0.305,-0.175,0
409,0.004,0.408,-0.6432,0.305,-0.176,0
410,0.005,0.409,-0.6413,0.306,-0.176,0
411,0.006,0.41,-0.6397,0.306,-0.176,0
412,0.007,0.411,-0.6379,0.306,-0.177,0
413,0.008,0.412,-0.6359,0.306,-0.177,0
414,0.009,0.413,-0.634,0.306,-0.177,0
415,0.01,0.414,-0.6325,0.306,-0.178,0
416,0.011,0.415,-0.6304,0.306,-0.179,0
417,0.012,0.416,-0.6284,0.306,-0.179,0
418,0.013,0.417,-0.6267,0.306,-0.179,0
419,0.014,0.418,-0.6249,0.306,-0.179,0
420,0.015,0.419,-0.623,0.306,-0.18,0
421,0.016,0.42,-0.6214,0.306,-0.18,0
422,0.017,0.421,-0.6198,0.306,-0.18,0
423,0.018,0.422,-0.6178,0.306,-0.18,0
424,0.019,0.423,-0.6162,0.306,-0.18,0
425,0.02,0.424,-0.6146,0.306,-0.181,0
426,0.021,0.425,-0.6127,0.306,-0.181,0
427,0.022,0.426,-0.6112,0.306,-0.181,0
428,0.023,0.427,-0.6095,0.307,-0.181,0
429,0.024,0.428,-0.6077,0.306,-0.182,0
430,0.025,0.429,-0.606,0.306,-0.181,0
431,0.026,0.43,-0.6045,0.305,-0.181,0
432,0.027,0.431,-0.6027,0.306,-0.182,0
433,0.028,0.432,-0.6011,0.305,-0.183,0
434,0.029,0.433,-0.5994,0.306,-0.183,0
435,0.03,0.434,-0.5976,0.306,-0.183,0
436,0.031,0.435,-0.596,0.306,-0.182,0
437,0.032,0.436,-0.5943,0.306,-0.182,0
438,0.033,0.437,-0.5929,0.306,-0.181,0
439,0.034,0.438,-0.5912,0.306,-0.182,0
440,0.035,0.439,-0.5898,0.306,-0.182,0
441,0.036,0.44,-0.5882,0.306,-0.182,0
442,0.037,0.441,-0.587,0.304,-0.182,0
443,0.038,0.442,-0.5853,0.305,-0.183,0
444,0.039,0.443,-0.584,0.306,-0.182,0
445,0.04,0.444,-0.5821,0.305,-0.182,0
446,0.041,0.445,-0.5806,0.306,-0.181,0
447,0.042,0.446,-0.5791,0.306,-0.181,0
448,0.043,0.447,-0.5775,0.306,-0.181,0
449,0.044,0.448,-0.5758,0.306,-0.181,0
450,0.045,0.449,-0.5743,0.306,-0.181,0
451,0.046,0.45,-0.573,0.306,-0.181,0
452,0.047,0.451,-0.5716,0.305,-0.18,0
453,0.048,0.452,-0.57,0.306,-0.18,0
454,0.049,0.453,-0.5688,0.306,-0.18,0
455,0.05,0.454,-0.5673,0.306,-0.179,0
456,0.051,0.455,-0.5662,0.306,-0.179,0
457,0.052,0.456,-0.5647,0.305,-0.178,0
458,0.053,0.457,-0.5636,0.306,-0.178,0
459,0.054,0.458,-0.562,0.306,-0.178,0
460,0.055,0.459,-0.5606,0.306,-0.177,0
461,0.056,0.46,-0.5593,0.306,-0.178,0
462,0.057,0.461,-0.5578,0.306,-0.177,0
463,0.058,0.462,-0.5566,0.306,-0.176,0
464,0.059,0.463,-0.5554,0.306,-0.176,0
465,0.06,0.464,-0.5542,0.306,-0.175,0
466,0.061,0.465,-0.5529,0.306,-0.175,0
467,0.062,0.466,-0.5515,0.306,-0.175,0
468,0.063,0.467,-0.55,0.306,-0.174,0
469,0.064,0.468,-0.5491,0.306,-0.174,0
470,0.065,0.469,-0.5478,0.306,-0.174,0
471,0.066,0.47,-0.5467,0.306,-0.173,0
472,0.067,0.471,-0.5454,0.306,-0.173,0
473,0.068,0.472,-0.5443,0.306,-0.172,0
474,0.069,0.473,-0.5435,0.306,-0.172,0
475,0.07,0.474,-0.5424,0.305,-0.172,0
476,0.071,0.475,-0.5412,0.306,-0.171,0
477,0.072,0.476,-0.5399,0.307,-0.171,0
478,0.073,0.477,-0.5389,0.305,-0.17,0
479,0.074,0.478,-0.5376,0.305,-0.17,0
480,0.075,0.479,-0.5367,0.306,-0.169,0
481,0.076,0.48,-0.5354,0.306,-0.168,0
482,0.077,0.481,-0.5345,0.305,-0.168,0
483,0.078,0.482,-0.5339,0.307,-0.168,0
484,0.079,0.483,-0.5329,0.306,-0.167,0
485,0.08,0.484,-0.5318,0.306,-0.166,0
486,0.081,0.485,-0.5309,0.306,-0.166,0
487,0.082,0.486,-0.53,0.306,-0.165,0
488,0.083,0.487,-0.5288,0.306,-0.164,0
489,0.084,0.488,-0.5281,0.306,-0.164,0
490,0.085,0.489,-0.5272,0.306,-0.163,0
491,0.086,0.49,-0.5261,0.306,-0.163,0
492,0.087,0.491,-0.5251,0.305,-0.163,0
493,0.088,0.492,-0.5242,0.306,-0.161,0
494,0.089,0.493,-0.5233,0.306,-0.161,0
495,0.09,0.494,-0.5224,0.306,-0.161,0
496,0.091,0.495,-0.5216,0.306,-0.16,0
497,0.092,0.496,-0.5206,0.306,-0.16,0
498,0.093,0.497,-0.5198,0.306,-0.159,0
499,0.094,0.498,-0.5191,0.306,-0.159,0
500,0.095,0.499,-0.5185,0.306,-0.158,0
501,0.096,0.5,-0.5175,0.306,-0.157,0
502,0.097,0.501,-0.5171,0.306,-0.156,0
503,0.098,0.502,-0.5163,0.306,-0.156,0
504,0.099,0.503,-0.5156,0.306,-0.155,0
505,0.1,0.504,-0.515,0.305,-0.154,0
506,0.101,0.505,-0.5139,0.306,-0.153,0
507,0.102,0.506,-0.5135,0.306,-0.153,0
508,0.103,0.507,-0.513,0.306,-0.152,0
509,0.104,0.508,-0.5123,0.306,-0.151,0
510,0.105,0.509,-0.5119,0.306,-0.15,0
511,0.106,0.51,-0.511,0.306,-0.15,0
512,0.107,0.511,-0.5103,0.306,-0.149,0
513,0.108,0.512,-0.5097,0.305,-0.148,0
514,0.109,0.513,-0.5093,0.306,-0.147,0
515,0.11,0.514,-0.5087,0.306,-0.146,0
516,0.111,0.515,-0.5082,0.306,-0.146,0
517,0.112,0.516,-0.5076,0.304,-0.145,0
518,0.113,0.517,-0.5071,0.306,-0.144,0
519,0.114,0.518,-0.507,0.306,-0.143,0
520,0.115,0.519,-0.5062,0.306,-0.142,0
521,0.116,0.52,-0.5058,0.305,-0.141,0
522,0.117,0.521,-0.5054,0.306,-0.14,0
523,0.118,0.522,-0.5051,0.306,-0.14,0
524,0.119,0.523,-0.5046,0.306,-0.139,0
525,0.12,0.524,-0.5042,0.306,-0.138,0
526,0.121,0.525,-0.504,0.306,-0.137,0
527,0.122,0.526,-0.5037,0.306,-0.136,0
528,0.123,0.527,-0.5031,0.306,-0.135,0
529,0.124,0.528,-0.503,0.306,-0.134,0
530,0.125,0.529,-0.5029,0.305,-0.133,0
531,0.126,0.53,-0.5026,0.305,-0.132,0
532,0.127,0.531,-0.5025,0.306,-0.131,0
533,0.128,0.532,-0.5021,0.306,-0.13,0
534,0.129,0.533,-0.5018,0.307,-0.129,0
535,0.13,0.534,-0.5016,0.306,-0.128,0
536,0.131,0.535,-0.5013,0.305,-0.127,0
537,0.132,0.536,-0.5011,0.305,-0.126,0
538,0.133,0.537,-0.501,0.306,-0.125,0
539,0.134,0.538,-0.501,0.306,-0.124,0
540,0.135,0.539,-0.5005,0.306,-0.123,0
541,0.136,0.54,-0.5005,0.306,-0.122,0
542,0.137,0.541,-0.5007,0.307,-0.121,0
543,0.138,0.542,-0.5002,0.306,-0.12,0
544,0.139,0.543,-0.5007,0.306,-0.119,0
545,0.14,0.544,-0.5006,0.306,-0.118,0
546,0.141,0.545,-0.5004,0.306,-0.117,0
547,0.142,0.546,-0.5004,0.306,-0.115,0
548,0.143,0.547,-0.5005,0.306,-0.115,0
549,0.144,0.548,-0.5004,0.306,-0.114,0
550,0.145,0.549,-0.5004,0.306,-0.112,0
551,0.146,0.55,-0.5005,0.306,-0.111,0
552,0.147,0.551,-0.5005,0.305,-0.11,0
553,0.148,0.552,-0.5004,0.306,-0.109,0
554,0.149,0.553,-0.5007,0.306,-0.107,0
555,0.15,0.554,-0.501,0.306,-0.107,0
556,0.151,0.555,-0.5012,0.306,-0.106,0
557,0.152,0.556,-0.5014,0.306,-0.104,0
558,0.153,0.557,-0.5014,0.306,-0.104,0
559,0.154,0.558,-0.5016,0.306,-0.103,0
560,0.155,0.559,-0.5018,0.306,-0.102,0
561,0.156,0.56,-0.5018,0.306,-0.101,0
562,0.157,0.561,-0.5019,0.306,-0.099,0
563,0.158,0.562,-0.5021,0.306,-0.099,0
564,0.159,0.563,-0.5022,0.306,-0.098,0
565,0.16,0.564,-0.5027,0.306,-0.097,0
566,0.161,0.565,-0.5032,0.306,-0.096,0
567,0.162,0.566,-0.5034,0.306,-0.094,0
568,0.163,0.567,-0.5038,0.306,-0.093,0
569,0.164,0.568,-0.504,0.306,-0.092,0
570,0.165,0.569,-0.5043,0.307,-0.092,0
571,0.166,0.57,-0.5046,0.306,-0.09,0
572,0.167,0.571,-0.5049,0.306,-0.089,0
573,0.168,0.572,-0.5054,0.306,-0.089,0
574,0.169,0.573,-0.5058,0.307,-0.088,0
575,0.17,0.574,-0.5064,0.305,-0.087,0
576,0.171,0.575,-0.5068,0.306,-0.086,0
577,0.172,0.576,-0.5071,0.306,-0.085,0
578,0.173,0.577,-0.5077,0.306,-0.084,0
579,0.174,0.578,-0.5081,0.306,-0.083,0
580,0.175,0.579,-0.5084,0.306,-0.082,0
581,0.176,0.58,-0.509,0.305,-0.082,0
582,0.177,0.581,-0.5097,0.306,-0.081,0
583,0.178,0.582,-0.5102,0.306,-0.08,0
584,0.179,0.583,-0.5109,0.306,-0.079,0
585,0.18,0.584,-0.5116,0.305,-0.078,0
586,0.181,0.585,-0.5121,0.306,-0.077,0
587,0.182,0.586,-0.5126,0.306,-0.076,0
588,0.183,0.587,-0.5132,0.305,-0.075,0
589,0.184,0.588,-0.5138,0.307,-0.075,0
590,0.185,0.589,-0.5148,0.306,-0.074,0
591,0.186,0.59,-0.5152,0.306,-0.073,0
592,0.187,0.591,-0.5159,0.306,-0.072,0
593,0.188,0.592,-0.5164,0.306,-0.072,0
594,0.189,0.593,-0.5173,0.306,-0.071,0
595,0.19,0.594,-0.5179,0.306,-0.07,0
596,0.191,0.595,-0.5187,0.305,-0.07,0
597,0.192,0.596,-0.5197,0.306,-0.069,0
598,0.193,0.597,-0.5203,0.306,-0.068,0
599,0.194,0.598,-0.5213,0.306,-0.067,0
600,0.195,0.599,-0.5219,0.306,-0.067,0
601,0.196,0.6,-0.5228,0.306,-0.067,0
602,0.197,0.601,-0.5233,0.306,-0.065,0
603,0.198,0.602,-0.5242,0.306,-0.064,0
604,0.199,0.603,-0.5253,0.306,-0.064,0
605,0.2,0.604,-0.5263,0.306,-0.063,0
606,0.201,0.605,-0.5271,0.305,-0.062,0
607,0.202,0.606,-0.528,0.305,-0.062,0
608,0.203,0.607,-0.5293,0.306,-0.062,0
609,0.204,0.608,-0.5301,0.306,-0.06,0
610,0.205,0.609,-0.531,0.306,-0.06,0
611,0.206,0.61,-0.5319,0.306,-0.059,0
612,0.207,0.611,-0.5332,0.305,-0.059,0
613,0.208,0.612,-0.5338,0.306,-0.058,0
614,0.209,0.613,-0.535,0.306,-0.058,0
615,0.21,0.614,-0.5363,0.307,-0.057,0
616,0.211,0.615,-0.5373,0.306,-0.056,0
617,0.212,0.616,-0.5384,0.306,-0.055,0
618,0.213,0.617,-0.5393,0.306,-0.055,0
619,0.214,0.618,-0.5406,0.306,-0.054,0
620,0.215,0.619,-0.5418,0.306,-0.053,0
621,0.216,0.62,-0.5427,0.306,-0.053,0
622,0.217,0.621,-0.5441,0.306,-0.053,0
623,0.218,0.622,-0.5453,0.306,-0.052,0
624,0.219,0.623,-0.5467,0.306,-0.052,0
625,0.22,0.624,-0.5475,0.306,-0.05,0
626,0.221,0.625,-0.5487,0.305,-0.05,0
627,0.222,0.626,-0.55,0.306,-0.049,0
628,0.223,0.627,-0.5512,0.305,-0.049,0
629,0.224,0.628,-0.5526,0.306,-0.049,0
630,0.225,0.629,-0.5538,0.305,-0.048,0
631,0.226,0.63,-0.5548,0.306,-0.046,0
632,0.227,0.631,-0.5564,0.306,-0.045,0
633,0.228,0.632,-0.5578,0.306,-0.044,0
634,0.229,0.633,-0.5591,0.306,-0.042,0
635,0.23,0.634,-0.5606,0.306,-0.041,0
636,0.231,0.635,-0.5617,0.306,-0.04,0
637,0.232,0.636,-0.5631,0.305,-0.038,0
638,0.233,0.637,-0.5647,0.305,-0.035,0
639,0.234,0.638,-0.5659,0.306,-0.032,0
640,0.235,0.639,-0.567,0.306,-0.029,0
641,0.236,0.64,-0.5686,0.306,-0.027,0
642,0.237,0.641,-0.5699,0.306,-0.023,0
643,0.238,0.642,-0.5716,0.306,-0.02,0
644,0.239,0.643,-0.5731,0.306,-0.016,0
645,0.24,0.644,-0.5747,0.306,-0.013,0
646,0.241,0.645,-0.5762,0.306,-0.01,0
647,0.242,0.646,-0.5776,0.305,-0.007,0
648,0.243,0.647,-0.5791,0.305,-0.004,0
649,0.244,0.648,-0.5805,0.306,-0.002,0
650,0.245,0.649,-0.5821,0.306,0,0
651,0.246,0.65,-0.5837,0.306,0.003,0
652,0.247,0.651,-0.5851,0.306,0.005,0
653,0.248,0.652,-0.5867,0.307,0.007,0
654,0.249,0.653,-0.5881,0.306,0.009,0
655,0.25,0.654,-0.5896,0.306,0.011,0
656,0.251,0.655,-0.5914,0.306,0.014,0
657,0.252,0.656,-0.5926,0.306,0.016,0
658,0.253,0.657,-0.5944,0.306,0.018,0
659,0.254,0.658,-0.5961,0.306,0.019,0
660,0.255,0.659,-0.5979,0.306,0.021,0
661,0.256,0.66,-0.5996,0.306,0.023,0
662,0.257,0.661,-0.6014,0.306,0.025,0
663,0.258,0.662,-0.6029,0.307,0.027,0
664,0.259,0.663,-0.6046,0.306,0.029,0
665,0.26,0.664,-0.6063,0.306,0.031,0
666,0.261,0.665,-0.6077,0.305,0.033,0
667,0.262,0.666,-0.6096,0.306,0.034,0
668,0.263,0.667,-0.6111,0.306,0.036,0
669,0.264,0.668,-0.6129,0.306,0.038,0
670,0.265,0.669,-0.6145,0.306,0.04,0
671,0.266,0.67,-0.6162,0.306,0.042,0
672,0.267,0.671,-0.6182,0.306,0.044,0
673,0.268,0.672,-0.6201,0.306,0.046,0
674,0.269,0.673,-0.6219,0.306,0.048,0
675,0.27,0.674,-0.6236,0.306,0.049,0
676,0.271,0.675,-0.6252,0.305,0.052,0
677,0.272,0.676,-0.627,0.306,0.053,0
678,0.273,0.677,-0.6288,0.306,0.055,0
679,0.274,0.678,-0.6306,0.306,0.057,0
680,0.275,0.679,-0.6325,0.305,0.059,0
681,0.276,0.68,-0.634,0.307,0.06,0
682,0.277,0.681,-0.6358,0.306,0.062,0
683,0.278,0.682,-0.6378,0.306,0.064,0
684,0.279,0.683,-0.6396,0.305,0.066,0
685,0.28,0.684,-0.6417,0.306,0.068,0
686,0.281,0.685,-0.6436,0.306,0.07,0
687,0.282,0.686,-0.6455,0.306,0.072,0
688,0.283,0.687,-0.6474,0.306,0.074,0
689,0.284,0.688,-0.6493,0.306,0.076,0
690,0.285,0.689,-0.6509,0.306,0.078,0
691,0.286,0.69,-0.6529,0.305,0.079,0
692,0.287,0.691,-0.6548,0.306,0.081,0
693,0.288,0.692,-0.6569,0.306,0.083,0
694,0.289,0.693,-0.6585,0.306,0.084,0
695,0.29,0.694,-0.6606,0.306,0.086,0
696,0.291,0.695,-0.6624,0.306,0.088,0
697,0.292,0.696,-0.6645,0.306,0.089,0
698,0.293,0.697,-0.6664,0.306,0.091,0
699,0.294,0.698,-0.6687,0.306,0.093,0
700,0.295,0.699,-0.6706,0.306,0.094,0
701,0.296,0.7,-0.6726,0.306,0.096,0
702,0.297,0.701,-0.6745,0.306,0.098,0
703,0.298,0.702,-0.6761,0.305,0.099,0
704,0.299,0.703,-0.6783,0.305,0.101,0
705,0.3,0.704,-0.6803,0.306,0.103,0
706,0.301,0.705,-0.6825,0.305,0.104,0
707,0.302,0.706,-0.6844,0.306,0.106,0
708,0.303,0.707,-0.6863,0.305,0.108,0
709,0.304,0.708,-0.6882,0.306,0.108,0
710,0.305,0.709,-0.6904,0.306,0.11,0
711,0.306,0.71,-0.692,0.306,0.112,0
712,0.307,0.711,-0.6943,0.305,0.113,0
713,0.308,0.712,-0.6961,0.306,0.115,0
714,0.309,0.713,-0.6985,0.306,0.116,0
715,0.31,0.714,-0.7,0.306,0.117,0
716,0.311,0.715,-0.7024,0.306,0.118,0
717,0.312,0.716,-0.7041,0.306,0.12,0
718,0.313,0.717,-0.7062,0.306,0.122,0
719,0.314,0.718,-0.7082,0.306,0.123,0
720,0.315,0.719,-0.7103,0.306,0.124,0
721,0.316,0.72,-0.7125,0.306,0.125,0
722,0.317,0.721,-0.7143,0.306,0.127,0
723,0.318,0.722,-0.7164,0.305,0.128,0
724,0.319,0.723,-0.7186,0.305,0.129,0
725,0.32,0.724,-0.7208,0.306,0.131,0
726,0.321,0.725,-0.7228,0.306,0.132,0
727,0.322,0.726,-0.7247,0.306,0.132,0
728,0.323,0.727,-0.7266,0.306,0.134,0
729,0.324,0.728,-0.7286,0.306,0.134,0
730,0.325,0.729,-0.7309,0.306,0.136,0
731,0.326,0.73,-0.7331,0.305,0.137,0
732,0.327,0.731,-0.735,0.305,0.138,0
733,0.328,0.732,-0.7369,0.306,0.138,0
734,0.329,0.733,-0.7392,0.306,0.139,0
735,0.33,0.734,-0.7411,0.305,0.14,0
736,0.331,0.735,-0.743,0.305,0.141,0
737,0.332,0.736,-0.7453,0.306,0.142,0
738,0.333,0.737,-0.7473,0.305,0.143,0
739,0.334,0.738,-0.7494,0.306,0.143,0
740,0.335,0.739,-0.7511,0.306,0.144,0
741,0.336,0.74,-0.7533,0.306,0.144,0
742,0.337,0.741,-0.7551,0.306,0.145,0
743,0.338,0.742,-0.7573,0.306,0.145,0
744,0.339,0.743,-0.7592,0.305,0.146,0
745,0.34,0.744,-0.7616,0.306,0.147,0
746,0.341,0.745,-0.7635,0.305,0.147,0
747,0.342,0.746,-0.7655,0.306,0.148,0
748,0.343,0.747,-0.7676,0.306,0.149,0
749,0.344,0.748,-0.7696,0.306,0.149,0
750,0.345,0.749,-0.772,0.306,0.15,0
751,0.346,0.75,-0.774,0.306,0.151,0
752,0.347,0.751,-0.7761,0.305,0.152,0
753,0.348,0.752,-0.7781,0.306,0.152,0
754,0.349,0.753,-0.7802,0.306,0.153,0
755,0.35,0.754,-0.7823,0.306,0.154,0
756,0.351,0.755,-0.7842,0.305,0.154,0
757,0.352,0.756,-0.7859,0.306,0.155,0
758,0.353,0.757,-0.7883,0.306,0.156,0
759,0.354,0.758,-0.7904,0.305,0.157,0
760,0.355,0.759,-0.7923,0.306,0.157,0
761,0.356,0.76,-0.7943,0.306,0.157,0
762,0.357,0.761,-0.7965,0.306,0.158,0
763,0.358,0.762,-0.7983,0.306,0.159,0
764,0.359,0.763,-0.8004,0.306,0.16,0
765,0.36,0.764,-0.8023,0.306,0.159,0
766,0.361,0.765,-0.804,0.306,0.16,0
767,0.362,0.766,-0.8062,0.306,0.16,0
768,0.363,0.767,-0.8083,0.306,0.16,0
769,0.364,0.768,-0.8103,0.306,0.161,0
770,0.365,0.769,-0.8123,0.306,0.161,0
771,0.366,0.77,-0.8142,0.305,0.162,0
772,0.367,0.771,-0.8163,0.306,0.162,0
773,0.368,0.772,-0.8184,0.306,0.163,0
774,0.369,0.773,-0.8206,0.306,0.163,0
775,0.37,0.774,-0.8224,0.306,0.163,0
776,0.371,0.775,-0.8244,0.306,0.164,0
777,0.372,0.776,-0.8262,0.306,0.164,0
778,0.373,0.777,-0.8282,0.306,0.164,0
779,0.374,0.778,-0.83,0.306,0.164,0
780,0.375,0.779,-0.8319,0.306,0.164,0
781,0.376,0.78,-0.8338,0.306,0.165,0
782,0.377,0.781,-0.8358,0.306,0.165,0
783,0.378,0.782,-0.8378,0.306,0.165,0
784,0.379,0.783,-0.8396,0.306,0.166,0
785,0.38,0.784,-0.8416,0.306,0.167,0
786,0.381,0.785,-0.8437,0.306,0.167,0
787,0.382,0.786,-0.8453,0.306,0.167,0
788,0.383,0.787,-0.8473,0.306,0.168,0
789,0.384,0.788,-0.8492,0.306,0.168,0
790,0.385,0.789,-0.8511,0.306,0.168,0
791,0.386,0.79,-0.8528,0.306,0.168,0
792,0.387,0.791,-0.8546,0.306,0.168,0
793,0.388,0.792,-0.8562,0.306,0.168,0
794,0.389,0.793,-0.8583,0.306,0.169,0
795,0.39,0.794,-0.8602,0.306,0.169,0
796,0.391,0.795,-0.862,0.306,0.169,0
797,0.392,0.796,-0.8641,0.306,0.169,0
798,0.393,0.797,-0.8657,0.306,0.169,0
799,0.394,0.798,-0.8676,0.306,0.17,0
800,0.395,0.799,-0.8695,0.306,0.169,0
801,0.396,0.8,-0.871,0.306,0.17,0
802,0.397,0.801,-0.8729,0.306,0.17,0
803,0.398,0.802,-0.8747,0.306,0.17,0
804,0.399,0.803,-0.8767,0.305,0.17,0
805,0.4,0.804,-0.8782,0.306,0.171,0
806,0.401,0.805,-0.8799,0.306,0.171,0
807,0.402,0.806,-0.8818,0.306,0.171,0
808,0.403,0.807,-0.8837,0.306,0.171,0
809,0.404,0.808,-0.8853,0.306,0.171,0
810,0.405,0.809,-0.8869,0.306,0.171,0
811,0.406,0.81,-0.8885,0.306,0.171,0
812,0.407,0.811,-0.89,0.306,0.172,0
813,0.408,0.812,-0.892,0.306,0.172,0
814,0.409,0.813,-0.8937,0.306,0.172,0
815,0.41,0.814,-0.8952,0.306,0.172,0
816,0.411,0.815,-0.8969,0.306,0.172,0
817,0.412,0.816,-0.8984,0.306,0.172,0
818,0.413,0.817,-0.9001,0.306,0.172,0
819,0.414,0.818,-0.9018,0.306,0.172,0
820,0.415,0.819,-0.9033,0.306,0.172,0
821,0.416,0.82,-0.9052,0.306,0.172,0
822,0.417,0.821,-0.907,0.306,0.172,0
823,0.418,0.822,-0.9083,0.306,0.172,0
824,0.419,0.823,-0.9098,0.305,0.172,0
825,0.42,0.824,-0.9117,0.306,0.172,0
826,0.421,0.825,-0.913,0.306,0.173,0
827,0.422,0.826,-0.9145,0.306,0.172,0
828,0.423,0.827,-0.916,0.307,0.172,0
829,0.424,0.828,-0.9176,0.306,0.172,0
830,0.425,0.829,-0.9188,0.306,0.172,0
831,0.426,0.83,-0.9205,0.306,0.173,0
832,0.427,0.831,-0.9223,0.305,0.173,0
833,0.428,0.832,-0.9237,0.306,0.173,0
834,0.429,0.833,-0.9254,0.306,0.173,0
835,0.43,0.834,-0.9265,0.306,0.173,0
836,0.431,0.835,-0.9279,0.306,0.173,0
837,0.432,0.836,-0.9294,0.305,0.173,0
838,0.433,0.837,-0.9307,0.306,0.172,0
839,0.434,0.838,-0.9324,0.306,0.172,0
840,0.435,0.839,-0.9336,0.305,0.172,0
841,0.436,0.84,-0.935,0.306,0.173,0
842,0.437,0.841,-0.9361,0.306,0.172,0
843,0.438,0.842,-0.9375,0.306,0.172,0
844,0.439,0.843,-0.939,0.306,0.172,0
845,0.44,0.844,-0.9403,0.306,0.172,0
846,0.441,0.845,-0.9419,0.306,0.172,0
847,0.442,0.846,-0.9433,0.306,0.172,0
848,0.443,0.847,-0.9443,0.306,0.172,0
849,0.444,0.848,-0.9457,0.305,0.172,0
850,0.445,0.849,-0.9469,0.305,0.172,0
851,0.446,0.85,-0.948,0.306,0.172,0
852,0.447,0.851,-0.9491,0.305,0.171,0
853,0.448,0.852,-0.9504,0.306,0.17,0
854,0.449,0.853,-0.9516,0.305,0.17,0
855,0.45,0.854,-0.9527,0.304,0.17,0
856,0.451,0.855,-0.9539,0.305,0.17,0
857,0.452,0.856,-0.9554,0.306,0.17,0
858,0.453,0.857,-0.9565,0.306,0.17,0
859,0.454,0.858,-0.9578,0.306,0.17,0
860,0.455,0.859,-0.959,0.306,0.17,0
861,0.456,0.86,-0.9603,0.306,0.169,0
862,0.457,0.861,-0.961,0.306,0.169,0
863,0.458,0.862,-0.962,0.306,0.169,0
864,0.459,0.863,-0.9631,0.305,0.168,0
865,0.46,0.864,-0.9642,0.306,0.168,0
866,0.461,0.865,-0.9649,0.306,0.168,0
867,0.462,0.866,-0.966,0.306,0.168,0
868,0.463,0.867,-0.9673,0.306,0.168,0
869,0.464,0.868,-0.9682,0.306,0.167,0
870,0.465,0.869,-0.9694,0.306,0.167,0
871,0.466,0.87,-0.97,0.306,0.167,0
872,0.467,0.871,-0.9711,0.306,0.167,0
873,0.468,0.872,-0.9722,0.306,0.167,0
874,0.469,0.873,-0.973,0.306,0.166,0
875,0.47,0.874,-0.9738,0.306,0.165,0
876,0.471,0.875,-0.9748,0.306,0.165,0
877,0.472,0.876,-0.9759,0.306,0.165,0
878,0.473,0.877,-0.9767,0.305,0.165,0
879,0.474,0.878,-0.9774,0.306,0.164,0
880,0.475,0.879,-0.9784,0.306,0.164,0
881,0.476,0.88,-0.979,0.306,0.164,0
882,0.477,0.881,-0.9801,0.306,0.163,0
883,0.478,0.882,-0.9808,0.306,0.163,0
884,0.479,0.883,-0.9812,0.306,0.162,0
885,0.48,0.884,-0.9821,0.306,0.162,0
886,0.481,0.885,-0.9828,0.305,0.161,0
887,0.482,0.886,-0.9834,0.306,0.161,0
888,0.483,0.887,-0.9843,0.306,0.161,0
889,0.484,0.888,-0.9851,0.306,0.16,0
890,0.485,0.889,-0.9856,0.306,0.16,0
891,0.486,0.89,-0.9862,0.306,0.159,0
892,0.487,0.891,-0.987,0.306,0.159,0
893,0.488,0.892,-0.9875,0.306,0.158,0
894,0.489,0.893,-0.9887,0.307,0.158,0
895,0.49,0.894,-0.9892,0.306,0.157,0
896,0.491,0.895,-0.9897,0.305,0.157,0
897,0.492,0.896,-0.9901,0.306,0.157,0
898,0.493,0.897,-0.9905,0.306,0.157,0
899,0.494,0.898,-0.9912,0.305,0.155,0
900,0.495,0.899,-0.9916,0.306,0.155,0
901,0.496,0.9,-0.9923,0.306,0.155,0
902,0.497,0.901,-0.9927,0.306,0.154,0
903,0.498,0.902,-0.9931,0.306,0.153,0
904,0.499,0.903,-0.994,0.306,0.153,0
905,0.5,0.904,-0.9941,0.306,0.152,0
906,0.501,0.905,-0.9948,0.306,0.152,0
907,0.502,0.906,-0.9946,0.306,0.151,0
908,0.503,0.907,-0.9954,0.306,0.15,0
909,0.504,0.908,-0.9958,0.306,0.15,0
910,0.505,0.909,-0.9963,0.306,0.149,0
911,0.506,0.91,-0.9964,0.306,0.149,0
912,0.507,0.911,-0.9965,0.306,0.148,0
913,0.508,0.912,-0.9972,0.306,0.147,0
914,0.509,0.913,-0.9973,0.305,0.146,0
915,0.51,0.914,-0.9978,0.305,0.146,0
916,0.511,0.915,-0.9976,0.306,0.145,0
917,0.512,0.916,-0.998,0.306,0.145,0
918,0.513,0.917,-0.9983,0.306,0.144,0
919,0.514,0.918,-0.999,0.306,0.143,0
920,0.515,0.919,-0.9987,0.306,0.143,0
921,0.516,0.92,-0.9993,0.305,0.142,0
922,0.517,0.921,-0.9993,0.306,0.141,0
923,0.518,0.922,-0.9994,0.306,0.14,0
924,0.519,0.923,-0.9993,0.306,0.139,0
925,0.52,0.924,-0.9997,0.306,0.139,0
926,0.521,0.925,-0.9996,0.306,0.138,0
927,0.522,0.926,-0.9999,0.306,0.137,0
928,0.523,0.927,-0.9997,0.306,0.136,0
929,0.524,0.928,-1,0.305,0.135,0
930,0.525,0.929,-0.9997,0.306,0.135,0
931,0.526,0.93,-0.9999,0.306,0.134,0
932,0.527,0.931,-0.9999,0.306,0.133,0
933,0.528,0.932,-1.0001,0.305,0.132,0
934,0.529,0.933,-0.9997,0.307,0.132,0
935,0.53,0.934,-0.9998,0.305,0.131,0
936,0.531,0.935,-0.9998,0.306,0.13,0
937,0.532,0.936,-0.9997,0.305,0.129,0
938,0.533,0.937,-0.9994,0.306,0.129,0
939,0.534,0.938,-0.9993,0.305,0.128,0
940,0.535,0.939,-0.9989,0.306,0.127,0
941,0.536,0.94,-0.9993,0.306,0.126,0
942,0.537,0.941,-0.9991,0.306,0.125,0
943,0.538,0.942,-0.999,0.306,0.125,0
944,0.539,0.943,-0.9988,0.306,0.124,0
945,0.54,0.944,-0.9986,0.307,0.123,0
946,0.541,0.945,-0.9981,0.306,0.123,0
947,0.542,0.946,-0.998,0.306,0.122,0
948,0.543,0.947,-0.9978,0.306,0.121,0
949,0.544,0.948,-0.9974,0.306,0.12,0
950,0.545,0.949,-0.9977,0.306,0.119,0
951,0.546,0.95,-0.9969,0.306,0.119,0
952,0.547,0.951,-0.997,0.306,0.118,0
953,0.548,0.952,-0.9963,0.306,0.117,0
954,0.549,0.953,-0.9964,0.306,0.117,0
955,0.55,0.954,-0.9956,0.306,0.116,0
956,0.551,0.955,-0.9956,0.306,0.115,0
957,0.552,0.956,-0.9949,0.306,0.114,0
958,0.553,0.957,-0.9947,0.305,0.114,0
959,0.554,0.958,-0.9943,0.306,0.113,0
960,0.555,0.959,-0.994,0.306,0.112,0
961,0.556,0.96,-0.9938,0.306,0.111,0
962,0.557,0.961,-0.993,0.306,0.111,0
963,0.558,0.962,-0.9928,0.306,0.109,0
964,0.559,0.963,-0.992,0.306,0.109,0
965,0.56,0.964,-0.9917,0.306,0.108,0
966,0.561,0.965,-0.9912,0.306,0.107,0
967,0.562,0.966,-0.9902,0.305,0.106,0
968,0.563,0.967,-0.99,0.306,0.105,0
969,0.564,0.968,-0.9894,0.306,0.103,0
970,0.565,0.969,-0.989,0.306,0.103,0
971,0.566,0.97,-0.9883,0.306,0.101,0
972,0.567,0.971,-0.9874,0.306,0.1,0
973,0.568,0.972,-0.987,0.306,0.098,0
974,0.569,0.973,-0.9858,0.306,0.097,0
975,0.57,0.974,-0.9852,0.306,0.096,0
976,0.571,0.975,-0.9848,0.306,0.094,0
977,0.572,0.976,-0.9841,0.305,0.092,0
978,0.573,0.977,-0.9834,0.306,0.091,0
979,0.574,0.978,-0.9825,0.306,0.09,0
980,0.575,0.979,-0.9821,0.306,0.089,0
981,0.576,0.98,-0.9816,0.306,0.087,0
982,0.577,0.981,-0.9806,0.306,0.086,0
983,0.578,0.982,-0.9796,0.306,0.084,0
984,0.579,0.983,-0.9789,0.306,0.083,0
985,0.58,0.984,-0.9777,0.306,0.081,0
986,0.581,0.985,-0.9772,0.306,0.08,0
987,0.582,0.986,-0.9764,0.306,0.078,0
988,0.583,0.987,-0.9754,0.306,0.076,0
989,0.584,0.988,-0.9745,0.306,0.074,0
990,0.585,0.989,-0.9737,0.307,0.073,0
991,0.586,0.99,-0.9727,0.306,0.071,0
992,0.587,0.991,-0.9716,0.306,0.07,0
993,0.588,0.992,-0.971,0.306,0.068,0
994,0.589,0.993,-0.9699,0.305,0.066,0
995,0.59,0.994,-0.9687,0.306,0.064,0
996,0.591,0.995,-0.9678,0.307,0.062,0
997,0.592,0.996,-0.9668,0.305,0.061,0
998,0.593,0.997,-0.9661,0.306,0.059,0
999,0.594,0.998,-0.9648,0.306,0.057,0
1000,0.595,0.999,-0.9637,0.306,0.056,0
1,0.596,0,-0.9628,0.306,0.054,0
2,0.597,0.001,-0.9617,0.306,0.052,0
3,0.598,0.002,-0.9605,0.306,0.05,0
4,0.599,0.003,-0.9595,0.304,0.048,0
5,0.6,0.004,-0.9581,0.306,0.046,0
6,0.601,0.005,-0.9567,0.306,0.044,0
7,0.602,0.006,-0.9558,0.306,0.042,0
8,0.603,0.007,-0.9543,0.306,0.04,0
9,0.604,0.008,-0.9535,0.306,0.038,0
10,0.605,0.009,-0.9523,0.306,0.036,0
11,0.606,0.01,-0.9513,0.306,0.034,0
12,0.607,0.011,-0.9497,0.306,0.033,0
13,0.608,0.012,-0.9484,0.306,0.031,0
14,0.609,0.013,-0.947,0.306,0.028,0
15,0.61,0.014,-0.9456,0.306,0.027,0
16,0.611,0.015,-0.9445,0.306,0.024,0
17,0.612,0.016,-0.9435,0.305,0.022,0
18,0.613,0.017,-0.942,0.305,0.02,0
19,0.614,0.018,-0.9408,0.306,0.018,0
20,0.615,0.019,-0.9394,0.306,0.016,0
21,0.616,0.02,-0.9381,0.307,0.014,0
22,0.617,0.021,-0.9362,0.307,0.012,0
23,0.618,0.022,-0.935,0.306,0.01,0
24,0.619,0.023,-0.9339,0.306,0.008,0
25,0.62,0.024,-0.9326,0.306,0.006,0
26,0.621,0.025,-0.9311,0.306,0.004,0
27,0.622,0.026,-0.9297,0.306,0.002,0
28,0.623,0.027,-0.9282,0.306,0,0
29,0.624,0.028,-0.9268,0.307,-0.002,0
30,0.625,0.029,-0.9254,0.305,-0.004,0
31,0.626,0.03,-0.9238,0.306,-0.006,0
32,0.627,0.031,-0.9223,0.306,-0.008,0
33,0.628,0.032,-0.9211,0.306,-0.011,0
34,0.629,0.033,-0.9193,0.306,-0.013,0
35,0.63,0.034,-0.9176,0.306,-0.014,0
36,0.631,0.035,-0.916,0.306,-0.017,0
37,0.632,0.036,-0.9147,0.306,-0.019,0
38,0.633,0.037,-0.913,0.306,-0.021,0
39,0.634,0.038,-0.9114,0.306,-0.023,0
40,0.635,0.039,-0.9098,0.306,-0.025,0
41,0.636,0.04,-0.9085,0.306,-0.027,0
42,0.637,0.041,-0.907,0.306,-0.029,0
43,0.638,0.042,-0.9051,0.306,-0.031,0
44,0.639,0.043,-0.9036,0.306,-0.033,0
45,0.64,0.044,-0.9018,0.306,-0.035,0
46,0.641,0.045,-0.9001,0.305,-0.037,0
47,0.642,0.046,-0.8984,0.306,-0.039,0
48,0.643,0.047,-0.897,0.306,-0.041,0
49,0.644,0.048,-0.8956,0.306,-0.043,0
50,0.645,0.049,-0.8934,0.305,-0.044,0
51,0.646,0.05,-0.8919,0.306,-0.046,0
52,0.647,0.051,-0.8904,0.306,-0.048,0
53,0.648,0.052,-0.8884,0.306,-0.049,0
54,0.649,0.053,-0.8865,0.306,-0.051,0
55,0.65,0.054,-0.8849,0.306,-0.053,0
56,0.651,0.055,-0.883,0.305,-0.055,0
57,0.652,0.056,-0.8813,0.305,-0.056,0
58,0.653,0.057,-0.8797,0.306,-0.058,0
59,0.654,0.058,-0.8777,0.306,-0.06,0
60,0.655,0.059,-0.8762,0.305,-0.061,0
61,0.656,0.06,-0.8741,0.305,-0.063,0
62,0.657,0.061,-0.8725,0.306,-0.064,0
63,0.658,0.062,-0.8704,0.306,-0.066,0
64,0.659,0.063,-0.8689,0.306,-0.067,0
65,0.66,0.064,-0.8669,0.306,-0.069,0
66,0.661,0.065,-0.8653,0.306,-0.07,0
67,0.662,0.066,-0.8633,0.306,-0.071,0
68,0.663,0.067,-0.8618,0.306,-0.073,0
69,0.664,0.068,-0.8598,0.306,-0.074,0
70,0.665,0.069,-0.858,0.306,-0.076,0
71,0.666,0.07,-0.8558,0.306,-0.077,0
72,0.667,0.071,-0.8541,0.306,-0.08,0
73,0.668,0.072,-0.8522,0.306,-0.081,0
74,0.669,0.073,-0.8503,0.306,-0.082,0
75,0.67,0.074,-0.8482,0.306,-0.084,0
76,0.671,0.075,-0.8461,0.306,-0.086,0
77,0.672,0.076,-0.8442,0.306,-0.088,0
78,0.673,0.077,-0.8425,0.306,-0.09,0
79,0.674,0.078,-0.8408,0.305,-0.091,0
80,0.675,0.079,-0.8387,0.306,-0.093,0
81,0.676,0.08,-0.8368,0.306,-0.094,0
82,0.677,0.081,-0.8348,0.306,-0.095,0
83,0.678,0.082,-0.8328,0.306,-0.097,0
84,0.679,0.083,-0.8309,0.306,-0.098,0
85,0.68,0.084,-0.8288,0.306,-0.1,0
86,0.681,0.085,-0.8271,0.305,-0.101,0
87,0.682,0.086,-0.825,0.306,-0.102,0
88,0.683,0.087,-0.8232,0.306,-0.103,0
89,0.684,0.088,-0.8213,0.306,-0.105,0
90,0.685,0.089,-0.8193,0.306,-0.106,0
91,0.686,0.09,-0.8172,0.306,-0.108,0
92,0.687,0.091,-0.815,0.306,-0.109,0
93,0.688,0.092,-0.8132,0.306,-0.11,0
94,0.689,0.093,-0.8111,0.306,-0.112,0
95,0.69,0.094,-0.8091,0.306,-0.113,0
96,0.691,0.095,-0.807,0.306,-0.114,0
97,0.692,0.096,-0.805,0.306,-0.115,0
98,0.693,0.097,-0.8032,0.306,-0.117,0
99,0.694,0.098,-0.801,0.306,-0.118,0
100,0.695,0.099,-0.799,0.306,-0.119,0
101,0.696,0.1,-0.7969,0.306,-0.121,0
102,0.697,0.101,-0.7949,0.305,-0.121,0
103,0.698,0.102,-0.7929,0.305,-0.123,0
104,0.699,0.103,-0.791,0.306,-0.124,0
105,0.7,0.104,-0.7892,0.306,-0.125,0
106,0.701,0.105,-0.7871,0.306,-0.127,0
107,0.702,0.106,-0.785,0.306,-0.128,0
108,0.703,0.107,-0.7831,0.306,-0.129,0
109,0.704,0.108,-0.7807,0.305,-0.129,0
110,0.705,0.109,-0.7788,0.306,-0.131,0
111,0.706,0.11,-0.7766,0.306,-0.132,0
112,0.707,0.111,-0.7747,0.306,-0.133,0
113,0.708,0.112,-0.7726,0.306,-0.134,0
114,0.709,0.113,-0.7704,0.306,-0.136,0
115,0.71,0.114,-0.7685,0.305,-0.136,0
116,0.711,0.115,-0.7664,0.306,-0.137,0
117,0.712,0.116,-0.7644,0.306,-0.139,0
118,0.713,0.117,-0.7624,0.305,-0.14,0
119,0.714,0.118,-0.7604,0.306,-0.141,0
120,0.715,0.119,-0.7582,0.306,-0.142,0
121,0.716,0.12,-0.7561,0.306,-0.143,0
122,0.717,0.121,-0.7542,0.306,-0.143,0
123,0.718,0.122,-0.7517,0.306,-0.145,0
124,0.719,0.123,-0.7499,0.306,-0.146,0
125,0.72,0.124,-0.7479,0.306,-0.146,0
126,0.721,0.125,-0.7459,0.306,-0.148,0
127,0.722,0.126,-0.7438,0.305,-0.149,0
128,0.723,0.127,-0.7414,0.306,-0.15,0
129,0.724,0.128,-0.7398,0.306,-0.151,0
130,0.725,0.129,-0.7375,0.307,-0.152,0
131,0.726,0.13,-0.7355,0.306,-0.153,0
132,0.727,0.131,-0.7334,0.306,-0.154,0
133,0.728,0.132,-0.7313,0.306,-0.155,0
134,0.729,0.133,-0.7295,0.306,-0.155,0
135,0.73,0.134,-0.7272,0.306,-0.156,0
136,0.731,0.135,-0.7254,0.305,-0.156,0
137,0.732,0.136,-0.7234,0.306,-0.157,0
138,0.733,0.137,-0.7215,0.306,-0.158,0
139,0.734,0.138,-0.7193,0.306,-0.158,0
140,0.735,0.139,-0.7172,0.306,-0.159,0
141,0.736,0.14,-0.7151,0.306,-0.16,0
142,0.737,0.141,-0.713,0.306,-0.161,0
143,0.738,0.142,-0.7112,0.306,-0.161,0
144,0.739,0.143,-0.7089,0.305,-0.162,0
145,0.74,0.144,-0.7067,0.305,-0.163,0
146,0.741,0.145,-0.7049,0.306,-0.164,0
147,0.742,0.146,-0.7027,0.306,-0.164,0
148,0.743,0.147,-0.701,0.306,-0.165,0
149,0.744,0.148,-0.6988,0.306,-0.166,0
150,0.745,0.149,-0.6968,0.306,-0.166,0
151,0.746,0.15,-0.6948,0.306,-0.166,0
152,0.747,0.151,-0.6928,0.306,-0.166,0
153,0.748,0.152,-0.691,0.306,-0.167,0
154,0.749,0.153,-0.6891,0.305,-0.168,0
155,0.75,0.154,-0.6867,0.305,-0.168,0
156,0.751,0.155,-0.6849,0.306,-0.169,0
157,0.752,0.156,-0.6829,0.305,-0.169,0
158,0.753,0.157,-0.6809,0.306,-0.169,0
159,0.754,0.158,-0.679,0.306,-0.17,0
160,0.755,0.159,-0.677,0.306,-0.171,0
161,0.756,0.16,-0.6748,0.306,-0.171,0
162,0.757,0.161,-0.6729,0.306,-0.171,0
163,0.758,0.162,-0.6709,0.306,-0.172,0
164,0.759,0.163,-0.6691,0.306,-0.172,0
165,0.76,0.164,-0.6671,0.306,-0.172,0
166,0.761,0.165,-0.665,0.305,-0.172,0
167,0.762,0.166,-0.6634,0.306,-0.173,0
168,0.763,0.167,-0.6614,0.305,-0.173,0
169,0.764,0.168,-0.6597,0.306,-0.173,0
170,0.765,0.169,-0.6575,0.307,-0.174,0
171,0.766,0.17,-0.6557,0.305,-0.174,0
172,0.767,0.171,-0.654,0.306,-0.174,0
173,0.768,0.172,-0.6521,0.306,-0.174,0
174,0.769,0.173,-0.65,0.306,-0.175,0
175,0.77,0.174,-0.6481,0.306,-0.175,0
176,0.771,0.175,-0.6461,0.306,-0.175,0
177,0.772,0.176,-0.6442,0.305,-0.175,0
178,0.773,0.177,-0.6424,0.306,-0.176,0
179,0.774,0.178,-0.6404,0.305,-0.176,0
180,0.775,0.179,-0.6384,0.306,-0.177,0
181,0.776,0.18,-0.6367,0.306,-0.177,0
182,0.777,0.181,-0.6352,0.306,-0.178,0
183,0.778,0.182,-0.6333,0.306,-0.178,0
184,0.779,0.183,-0.6316,0.306,-0.178,0
185,0.78,0.184,-0.6299,0.306,-0.179,0
186,0.781,0.185,-0.628,0.306,-0.179,0
187,0.782,0.186,-0.6262,0.306,-0.179,0
188,0.783,0.187,-0.6243,0.306,-0.18,0
189,0.784,0.188,-0.6226,0.306,-0.18,0
190,0.785,0.189,-0.6211,0.306,-0.18,0
191,0.786,0.19,-0.6188,0.306,-0.18,0
192,0.787,0.191,-0.6173,0.305,-0.18,0
193,0.788,0.192,-0.6157,0.306,-0.181,0
194,0.789,0.193,-0.614,0.306,-0.181,0
195,0.79,0.194,-0.6122,0.306,-0.181,0
196,0.791,0.195,-0.6107,0.306,-0.181,0
197,0.792,0.196,-0.6088,0.306,-0.181,0
198,0.793,0.197,-0.607,0.306,-0.181,0
199,0.794,0.198,-0.6053,0.305,-0.181,0
200,0.795,0.199,-0.6037,0.306,-0.182,0
201,0.796,0.2,-0.602,0.306,-0.182,0
202,0.797,0.201,-0.6004,0.306,-0.182,0
203,0.798,0.202,-0.5988,0.306,-0.183,0
204,0.799,0.203,-0.5975,0.306,-0.183,0
205,0.8,0.204,-0.5958,0.307,-0.182,0
206,0.801,0.205,-0.5942,0.306,-0.182,0
207,0.802,0.206,-0.5927,0.307,-0.182,0
208,0.803,0.207,-0.591,0.305,-0.182,0
209,0.804,0.208,-0.5894,0.306,-0.182,0
210,0.805,0.209,-0.5876,0.306,-0.182,0
211,0.806,0.21,-0.5861,0.306,-0.182,0
212,0.807,0.211,-0.5847,0.306,-0.182,0
213,0.808,0.212,-0.5829,0.306,-0.181,0
214,0.809,0.213,-0.5814,0.306,-0.182,0
215,0.81,0.214,-0.5798,0.306,-0.182,0
216,0.811,0.215,-0.5782,0.306,-0.181,0
217,0.812,0.216,-0.5766,0.305,-0.181,0
218,0.813,0.217,-0.5754,0.306,-0.181,0
219,0.814,0.218,-0.5741,0.306,-0.181,0
220,0.815,0.219,-0.5728,0.306,-0.18,0
221,0.816,0.22,-0.5713,0.306,-0.181,0
222,0.817,0.221,-0.5698,0.306,-0.18,0
223,0.818,0.222,-0.5684,0.306,-0.179,0
224,0.819,0.223,-0.567,0.306,-0.179,0
225,0.82,0.224,-0.5657,0.305,-0.179,0
226,0.821,0.225,-0.5643,0.306,-0.179,0
227,0.822,0.226,-0.5629,0.306,-0.179,0
228,0.823,0.227,-0.5615,0.306,-0.178,0
229,0.824,0.228,-0.5601,0.306,-0.177,0
230,0.825,0.229,-0.5588,0.306,-0.177,0
231,0.826,0.23,-0.5575,0.306,-0.176,0
232,0.827,0.231,-0.5562,0.306,-0.176,0
233,0.828,0.232,-0.555,0.306,-0.175,0
234,0.829,0.233,-0.5535,0.307,-0.175,0
235,0.83,0.234,-0.5526,0.306,-0.175,0
236,0.831,0.235,-0.551,0.306,-0.174,0
237,0.832,0.236,-0.5501,0.306,-0.174,0
238,0.833,0.237,-0.5487,0.306,-0.174,0
239,0.834,0.238,-0.5476,0.305,-0.173,0
240,0.835,0.239,-0.5465,0.306,-0.173,0
241,0.836,0.24,-0.5452,0.306,-0.172,0
242,0.837,0.241,-0.5441,0.306,-0.172,0
243,0.838,0.242,-0.5429,0.306,-0.171,0
244,0.839,0.243,-0.5416,0.306,-0.171,0
245,0.84,0.244,-0.5408,0.306,-0.17,0
246,0.841,0.245,-0.5394,0.306,-0.17,0
247,0.842,0.246,-0.5389,0.306,-0.169,0
248,0.843,0.247,-0.5377,0.306,-0.169,0
249,0.844,0.248,-0.5363,0.306,-0.168,0
250,0.845,0.249,-0.5352,0.306,-0.168,0
251,0.846,0.25,-0.5343,0.305,-0.168,0
252,0.847,0.251,-0.5332,0.306,-0.166,0
253,0.848,0.252,-0.5323,0.306,-0.166,0
254,0.849,0.253,-0.5312,0.306,-0.165,0
255,0.85,0.254,-0.5304,0.306,-0.165,0
256,0.851,0.255,-0.5294,0.307,-0.165,0
257,0.852,0.256,-0.5284,0.306,-0.164,0
258,0.853,0.257,-0.5277,0.306,-0.164,0
259,0.854,0.258,-0.5267,0.306,-0.163,0
260,0.855,0.259,-0.5255,0.307,-0.163,0
261,0.856,0.26,-0.5246,0.305,-0.161,0
262,0.857,0.261,-0.5239,0.306,-0.161,0
263,0.858,0.262,-0.5232,0.306,-0.161,0
264,0.859,0.263,-0.5223,0.306,-0.16,0
265,0.86,0.264,-0.5215,0.305,-0.159,0
266,0.861,0.265,-0.5204,0.307,-0.159,0
267,0.862,0.266,-0.5196,0.305,-0.158,0
268,0.863,0.267,-0.519,0.306,-0.158,0
269,0.864,0.268,-0.5184,0.305,-0.157,0
270,0.865,0.269,-0.5174,0.306,-0.156,0
271,0.866,0.27,-0.5169,0.306,-0.156,0
272,0.867,0.271,-0.5161,0.306,-0.155,0
273,0.868,0.272,-0.5153,0.306,-0.155,0
274,0.869,0.273,-0.5147,0.306,-0.154,0
275,0.87,0.274,-0.5142,0.306,-0.154,0
276,0.871,0.275,-0.5132,0.306,-0.153,0
277,0.872,0.276,-0.5128,0.306,-0.152,0
278,0.873,0.277,-0.5119,0.306,-0.151,0
279,0.874,0.278,-0.5113,0.306,-0.15,0
280,0.875,0.279,-0.5107,0.306,-0.15,0
281,0.876,0.28,-0.5105,0.306,-0.148,0
282,0.877,0.281,-0.5097,0.306,-0.147,0
283,0.878,0.282,-0.5094,0.306,-0.147,0
284,0.879,0.283,-0.5088,0.307,-0.146,0
285,0.88,0.284,-0.5083,0.306,-0.145,0
286,0.881,0.285,-0.5077,0.306,-0.144,0
287,0.882,0.286,-0.5071,0.306,-0.144,0
288,0.883,0.287,-0.5065,0.306,-0.143,0
289,0.884,0.288,-0.5062,0.306,-0.141,0
290,0.885,0.289,-0.5058,0.306,-0.141,0
291,0.886,0.29,-0.5054,0.306,-0.14,0
292,0.887,0.291,-0.5049,0.306,-0.139,0
293,0.888,0.292,-0.5046,0.306,-0.139,0
294,0.889,0.293,-0.5043,0.306,-0.137,0
295,0.89,0.294,-0.5039,0.305,-0.136,0
296,0.891,0.295,-0.5037,0.306,-0.136,0
297,0.892,0.296,-0.5033,0.306,-0.135,0
298,0.893,0.297,-0.5029,0.306,-0.133,0
299,0.894,0.298,-0.5029,0.305,-0.133,0
300,0.895,0.299,-0.5027,0.305,-0.131,0
301,0.896,0.3,-0.5022,0.306,-0.131,0
302,0.897,0.301,-0.5021,0.306,-0.13,0
303,0.898,0.302,-0.5019,0.306,-0.129,0
304,0.899,0.303,-0.5016,0.306,-0.127,0
305,0.9,0.304,-0.5014,0.306,-0.126,0
306,0.901,0.305,-0.5012,0.306,-0.126,0
307,0.902,0.306,-0.5011,0.306,-0.125,0
308,0.903,0.307,-0.5008,0.305,-0.124,0
309,0.904,0.308,-0.5004,0.306,-0.123,0
310,0.905,0.309,-0.5004,0.306,-0.122,0
311,0.906,0.31,-0.5002,0.306,-0.12,0
312,0.907,0.311,-0.5004,0.306,-0.12,0
313,0.908,0.312,-0.5001,0.306,-0.118,0
314,0.909,0.313,-0.5004,0.306,-0.117,0
315,0.91,0.314,-0.5004,0.307,-0.116,0
316,0.911,0.315,-0.5004,0.306,-0.115,0
317,0.912,0.316,-0.5005,0.305,-0.114,0
318,0.913,0.317,-0.5004,0.306,-0.113,0
319,0.914,0.318,-0.5004,0.306,-0.112,0
320,0.915,0.319,-0.5005,0.306,-0.11,0
321,0.916,0.32,-0.5004,0.306,-0.11,0
322,0.917,0.321,-0.5008,0.306,-0.109,0
323,0.918,0.322,-0.5008,0.306,-0.107,0
324,0.919,0.323,-0.5007,0.306,-0.107,0
325,0.92,0.324,-0.5011,0.305,-0.105,0
326,0.921,0.325,-0.501,0.306,-0.104,0
327,0.922,0.326,-0.5012,0.306,-0.103,0
328,0.923,0.327,-0.5014,0.306,-0.102,0
329,0.924,0.328,-0.5016,0.306,-0.101,0
330,0.925,0.329,-0.5019,0.306,-0.1,0
331,0.926,0.33,-0.5018,0.306,-0.099,0
332,0.927,0.331,-0.502,0.306,-0.098,0
333,0.928,0.332,-0.5023,0.305,-0.097,0
334,0.929,0.333,-0.5025,0.306,-0.096,0
335,0.93,0.334,-0.503,0.306,-0.095,0
336,0.931,0.335,-0.5033,0.306,-0.094,0
337,0.932,0.336,-0.5038,0.306,-0.093,0
338,0.933,0.337,-0.504,0.305,-0.092,0
339,0.934,0.338,-0.5045,0.306,-0.091,0
340,0.935,0.339,-0.5049,0.306,-0.09,0
341,0.936,0.34,-0.5051,0.306,-0.089,0
342,0.937,0.341,-0.5054,0.306,-0.089,0
343,0.938,0.342,-0.5057,0.306,-0.088,0
344,0.939,0.343,-0.5061,0.306,-0.087,0
345,0.94,0.344,-0.5065,0.306,-0.086,0
346,0.941,0.345,-0.507,0.306,-0.085,0
347,0.942,0.346,-0.5078,0.306,-0.084,0
348,0.943,0.347,-0.5081,0.306,-0.083,0
349,0.944,0.348,-0.5089,0.306,-0.082,0
350,0.945,0.349,-0.5095,0.306,-0.081,0
351,0.946,0.35,-0.5098,0.306,-0.08,0
352,0.947,0.351,-0.5105,0.306,-0.08,0
353,0.948,0.352,-0.5108,0.306,-0.078,0
354,0.949,0.353,-0.5116,0.306,-0.078,0
355,0.95,0.354,-0.5119,0.306,-0.077,0
356,0.951,0.355,-0.5124,0.305,-0.076,0
357,0.952,0.356,-0.5134,0.306,-0.075,0
358,0.953,0.357,-0.5139,0.306,-0.074,0
359,0.954,0.358,-0.5148,0.306,-0.074,0
360,0.955,0.359,-0.5152,0.306,-0.073,0
361,0.956,0.36,-0.5158,0.306,-0.072,0
362,0.957,0.361,-0.5164,0.306,-0.072,0
363,0.958,0.362,-0.5174,0.306,-0.07,0
364,0.959,0.363,-0.5184,0.306,-0.07,0
365,0.96,0.364,-0.5188,0.306,-0.069,0
366,0.961,0.365,-0.5198,0.306,-0.068,0
367,0.962,0.366,-0.5207,0.307,-0.068,0
368,0.963,0.367,-0.5215,0.306,-0.067,0
369,0.964,0.368,-0.5223,0.306,-0.067,0
370,0.965,0.369,-0.5229,0.306,-0.065,0
371,0.966,0.37,-0.5237,0.306,-0.064,0
372,0.967,0.371,-0.5245,0.306,-0.064,0
373,0.968,0.372,-0.5252,0.306,-0.063,0
374,0.969,0.373,-0.5264,0.306,-0.063,0
375,0.97,0.374,-0.5274,0.306,-0.062,0
376,0.971,0.375,-0.5281,0.306,-0.062,0
377,0.972,0.376,-0.5293,0.306,-0.06,0
378,0.973,0.377,-0.5304,0.306,-0.06,0
379,0.974,0.378,-0.5313,0.306,-0.06,0
380,0.975,0.379,-0.5325,0.306,-0.059,0
381,0.976,0.38,-0.5335,0.306,-0.058,0
382,0.977,0.381,-0.5343,0.306,-0.058,0
383,0.978,0.382,-0.5352,0.306,-0.057,0
384,0.979,0.383,-0.5363,0.306,-0.056,0
385,0.98,0.384,-0.5374,0.306,-0.056,0
386,0.981,0.385,-0.5385,0.306,-0.055,0
387,0.982,0.386,-0.5397,0.306,-0.054,0
388,0.983,0.387,-0.541,0.306,-0.054,0
389,0.984,0.388,-0.5421,0.306,-0.053,0
390,0.985,0.389,-0.5432,0.306,-0.053,0
391,0.986,0.39,-0.5441,0.306,-0.052,0
392,0.987,0.391,-0.5454,0.306,-0.052,0
393,0.988,0.392,-0.5466,0.306,-0.051,0
394,0.989,0.393,-0.548,0.306,-0.05,0
395,0.99,0.394,-0.5493,0.306,-0.05,0
396,0.991,0.395,-0.5502,0.305,-0.049,0
397,0.992,0.396,-0.5518,0.306,-0.049,0
398,0.993,0.397,-0.5531,0.306,-0.048,0
399,0.994,0.398,-0.5545,0.306,-0.047,0
400,0.995,0.399,-0.5555,0.306,-0.046,0
401,0.996,0.4,-0.5567,0.307,-0.045,0
402,0.997,0.401,-0.558,0.306,-0.043,0
403,0.998,0.402,-0.5593,0.307,-0.042,0
404,0.999,0.403,-0.5607,0.305,-0.04,0
405,1,0.404,-0.562,0.306,-0.038,0
406,1.001,0.405,-0.5633,0.306,-0.037,0
407,1.002,0.406,-0.5647,0.306,-0.034,0
408,1.003,0.407,-0.5664,0.306,-0.032,0
409,1.004,0.408,-0.5676,0.305,-0.029,0
410,1.005,0.409,-0.569,0.306,-0.026,0
411,1.006,0.41,-0.5705,0.305,-0.023,0
412,1.007,0.411,-0.5719,0.306,-0.019,0
413,1.008,0.412,-0.5734,0.305,-0.016,0
414,1.009,0.413,-0.5748,0.306,-0.013,0
415,1.01,0.414,-0.5763,0.306,-0.009,0
416,1.011,0.415,-0.5776,0.306,-0.007,0
417,1.012,0.416,-0.5791,0.306,-0.004,0
418,1.013,0.417,-0.5809,0.306,-0.002,0
419,1.014,0.418,-0.5823,0.306,0.001,0
420,1.015,0.419,-0.5837,0.306,0.003,0
421,1.016,0.42,-0.5856,0.306,0.006,0
422,1.017,0.421,-0.5871,0.308,0.008,0
423,1.018,0.422,-0.5887,0.306,0.01,0
424,1.019,0.423,-0.5903,0.305,0.012,0
425,1.02,0.424,-0.5918,0.306,0.014,0
426,1.021,0.425,-0.5936,0.306,0.016,0
427,1.022,0.426,-0.5952,0.306,0.018,0
428,1.023,0.427,-0.5967,0.305,0.02,0
429,1.024,0.428,-0.5984,0.305,0.023,0
430,1.025,0.429,-0.6001,0.306,0.024,0
431,1.026,0.43,-0.6017,0.306,0.026,0
432,1.027,0.431,-0.6033,0.306,0.028,0
433,1.028,0.432,-0.6049,0.306,0.03,0
434,1.029,0.433,-0.6064,0.306,0.031,0
435,1.03,0.434,-0.6084,0.306,0.034,0
436,1.031,0.435,-0.61,0.306,0.036,0
437,1.032,0.436,-0.6115,0.306,0.037,0
438,1.033,0.437,-0.6132,0.305,0.039,0
439,1.034,0.438,-0.6155,0.306,0.041,0
440,1.035,0.439,-0.6169,0.306,0.043,0
441,1.036,0.44,-0.6188,0.306,0.045,0
442,1.037,0.441,-0.6207,0.307,0.046,0
443,1.038,0.442,-0.6223,0.306,0.049,0
444,1.039,0.443,-0.624,0.306,0.05,0
445,1.04,0.444,-0.6259,0.306,0.052,0
446,1.041,0.445,-0.6275,0.306,0.054,0
447,1.042,0.446,-0.6292,0.306,0.056,0
448,1.043,0.447,-0.631,0.305,0.058,0
449,1.044,0.448,-0.633,0.305,0.06,0
450,1.045,0.449,-0.6345,0.305,0.062,0
451,1.046,0.45,-0.6366,0.306,0.063,0
452,1.047,0.451,-0.6384,0.306,0.065,0
453,1.048,0.452,-0.64,0.306,0.067,0
454,1.049,0.453,-0.6426,0.306,0.068,0
455,1.05,0.454,-0.6442,0.306,0.07,0
456,1.051,0.455,-0.6462,0.306,0.073,0
457,1.052,0.456,-0.6481,0.306,0.074,0
458,1.053,0.457,-0.6499,0.306,0.077,0
459,1.054,0.458,-0.6516,0.306,0.078,0
460,1.055,0.459,-0.6535,0.306,0.08,0
461,1.056,0.46,-0.6555,0.306,0.082,0
462,1.057,0.461,-0.6574,0.306,0.083,0
463,1.058,0.462,-0.6592,0.306,0.085,0
464,1.059,0.463,-0.6612,0.306,0.087,0
465,1.06,0.464,-0.6631,0.306,0.088,0
466,1.061,0.465,-0.665,0.306,0.09,0
467,1.062,0.466,-0.6669,0.306,0.092,0
468,1.063,0.467,-0.669,0.306,0.094,0
469,1.064,0.468,-0.671,0.306,0.096,0
470,1.065,0.469,-0.6729,0.306,0.097,0
471,1.066,0.47,-0.675,0.306,0.099,0
472,1.067,0.471,-0.6767,0.306,0.1,0
473,1.068,0.472,-0.6789,0.306,0.101,0
474,1.069,0.473,-0.6811,0.306,0.103,0
475,1.07,0.474,-0.6829,0.306,0.105,0
476,1.071,0.475,-0.6849,0.307,0.107,0
477,1.072,0.476,-0.6867,0.306,0.108,0
478,1.073,0.477,-0.6889,0.306,0.11,0
479,1.074,0.478,-0.6906,0.307,0.111,0
480,1.075,0.479,-0.6926,0.306,0.112,0
481,1.076,0.48,-0.6948,0.306,0.114,0
482,1.077,0.481,-0.6965,0.306,0.115,0
483,1.078,0.482,-0.6989,0.306,0.117,0
484,1.079,0.483,-0.7008,0.306,0.118,0
485,1.08,0.484,-0.703,0.305,0.119,0
486,1.081,0.485,-0.7049,0.306,0.121,0
487,1.082,0.486,-0.7068,0.306,0.122,0
488,1.083,0.487,-0.7091,0.306,0.124,0
489,1.084,0.488,-0.7112,0.306,0.125,0
490,1.085,0.489,-0.7132,0.306,0.126,0
491,1.086,0.49,-0.7152,0.306,0.128,0
492,1.087,0.491,-0.7173,0.306,0.129,0
493,1.088,0.492,-0.7193,0.306,0.129,0
494,1.089,0.493,-0.7212,0.306,0.131,0
495,1.09,0.494,-0.7234,0.306,0.132,0
496,1.091,0.495,-0.7252,0.306,0.133,0
497,1.092,0.496,-0.7273,0.306,0.134,0
498,1.093,0.497,-0.7291,0.306,0.135,0
499,1.094,0.498,-0.7312,0.306,0.136,0
500,1.095,0.499,-0.7334,0.306,0.137,0
501,1.096,0.5,-0.7355,0.306,0.138,0
502,1.097,0.501,-0.7376,0.306,0.139,0
503,1.098,0.502,-0.7399,0.306,0.139,0
504,1.099,0.503,-0.7418,0.306,0.141,0
505,1.1,0.504,-0.744,0.305,0.141,0
506,1.101,0.505,-0.7459,0.306,0.142,0
507,1.102,0.506,-0.748,0.305,0.143,0
508,1.103,0.507,-0.7498,0.306,0.144,0
509,1.104,0.508,-0.7517,0.306,0.144,0
510,1.105,0.509,-0.7538,0.306,0.145,0
511,1.106,0.51,-0.7562,0.306,0.145,0
512,1.107,0.511,-0.7583,0.306,0.146,0
513,1.108,0.512,-0.7604,0.306,0.147,0
514,1.109,0.513,-0.7624,0.306,0.147,0
515,1.11,0.514,-0.7643,0.306,0.148,0
516,1.111,0.515,-0.7661,0.307,0.149,0
517,1.112,0.516,-0.7682,0.306,0.149,0
518,1.113,0.517,-0.7703,0.306,0.15,0
519,1.114,0.518,-0.7725,0.306,0.15,0
520,1.115,0.519,-0.7743,0.306,0.151,0
521,1.116,0.52,-0.7768,0.305,0.151,0
522,1.117,0.521,-0.7789,0.305,0.153,0
523,1.118,0.522,-0.7808,0.305,0.154,0
524,1.119,0.523,-0.7832,0.306,0.154,0
525,1.12,0.524,-0.785,0.306,0.154,0
526,1.121,0.525,-0.7868,0.306,0.155,0
527,1.122,0.526,-0.789,0.307,0.156,0
528,1.123,0.527,-0.7907,0.305,0.157,0
529,1.124,0.528,-0.7929,0.306,0.157,0
530,1.125,0.529,-0.7948,0.306,0.157,0
531,1.126,0.53,-0.7966,0.306,0.158,0
532,1.127,0.531,-0.799,0.305,0.159,0
533,1.128,0.532,-0.8009,0.306,0.159,0
534,1.129,0.533,-0.8032,0.306,0.16,0
535,1.13,0.534,-0.8053,0.306,0.16,0
536,1.131,0.535,-0.807,0.306,0.161,0
537,1.132,0.536,-0.809,0.306,0.16,0
538,1.133,0.537,-0.811,0.306,0.161,0
539,1.134,0.538,-0.8131,0.306,0.162,0
540,1.135,0.539,-0.8151,0.306,0.162,0
541,1.136,0.54,-0.8171,0.306,0.162,0
542,1.137,0.541,-0.8187,0.306,0.163,0
543,1.138,0.542,-0.8208,0.305,0.163,0
544,1.139,0.543,-0.8227,0.306,0.163,0
545,1.14,0.544,-0.8248,0.306,0.164,0
546,1.141,0.545,-0.8268,0.306,0.164,0
547,1.142,0.546,-0.8287,0.306,0.164,0
548,1.143,0.547,-0.8305,0.306,0.165,0
549,1.144,0.548,-0.8326,0.306,0.165,0
550,1.145,0.549,-0.8345,0.306,0.165,0
551,1.146,0.55,-0.8363,0.305,0.165,0
552,1.147,0.551,-0.8384,0.305,0.166,0
553,1.148,0.552,-0.8402,0.306,0.166,0
554,1.149,0.553,-0.8422,0.306,0.167,0
555,1.15,0.554,-0.8442,0.306,0.167,0
556,1.151,0.555,-0.8459,0.306,0.167,0
557,1.152,0.556,-0.8478,0.306,0.168,0
558,1.153,0.557,-0.8499,0.306,0.168,0
559,1.154,0.558,-0.8518,0.306,0.168,0
560,1.155,0.559,-0.8537,0.305,0.168,0
561,1.156,0.56,-0.8551,0.306,0.168,0
562,1.157,0.561,-0.857,0.305,0.169,0
563,1.158,0.562,-0.8591,0.306,0.169,0
564,1.159,0.563,-0.8608,0.306,0.169,0
565,1.16,0.564,-0.8627,0.307,0.169,0
566,1.161,0.565,-0.8644,0.306,0.169,0
567,1.162,0.566,-0.8663,0.306,0.169,0
568,1.163,0.567,-0.868,0.306,0.169,0
569,1.164,0.568,-0.8698,0.306,0.169,0
570,1.165,0.569,-0.8718,0.306,0.17,0
571,1.166,0.57,-0.8734,0.306,0.17,0
572,1.167,0.571,-0.8755,0.306,0.17,0
573,1.168,0.572,-0.8771,0.306,0.17,0
574,1.169,0.573,-0.8789,0.306,0.17,0
575,1.17,0.574,-0.8804,0.305,0.171,0
576,1.171,0.575,-0.8823,0.306,0.17,0
577,1.172,0.576,-0.8843,0.306,0.171,0
578,1.173,0.577,-0.8856,0.306,0.171,0
579,1.174,0.578,-0.8872,0.306,0.171,0
580,1.175,0.579,-0.8893,0.306,0.171,0
581,1.176,0.58,-0.8908,0.306,0.172,0
582,1.177,0.581,-0.8925,0.306,0.172,0
583,1.178,0.582,-0.8943,0.306,0.172,0
584,1.179,0.583,-0.8961,0.306,0.172,0
585,1.18,0.584,-0.8977,0.306,0.172,0
586,1.181,0.585,-0.8995,0.305,0.172,0
587,1.182,0.586,-0.9007,0.305,0.172,0
588,1.183,0.587,-0.9025,0.306,0.172,0
589,1.184,0.588,-0.904,0.305,0.172,0
590,1.185,0.589,-0.9056,0.305,0.172,0
591,1.186,0.59,-0.9072,0.306,0.172,0
592,1.187,0.591,-0.9089,0.306,0.172,0
593,1.188,0.592,-0.9104,0.306,0.172,0
594,1.189,0.593,-0.9121,0.306,0.173,0
595,1.19,0.594,-0.9137,0.306,0.172,0
596,1.191,0.595,-0.9149,0.306,0.172,0
597,1.192,0.596,-0.9166,0.306,0.172,0
598,1.193,0.597,-0.918,0.306,0.172,0
599,1.194,0.598,-0.9195,0.306,0.172,0
600,1.195,0.599,-0.9209,0.306,0.172,0
601,1.196,0.6,-0.9224,0.306,0.172,0
602,1.197,0.601,-0.9239,0.305,0.172,0
603,1.198,0.602,-0.9254,0.306,0.173,0
604,1.199,0.603,-0.9269,0.305,0.173,0
605,1.2,0.604,-0.9287,0.306,0.173,0
606,1.201,0.605,-0.9299,0.306,0.173,0
607,1.202,0.606,-0.9313,0.306,0.172,0
608,1.203,0.607,-0.9326,0.307,0.172,0
609,1.204,0.608,-0.934,0.306,0.172,0
610,1.205,0.609,-0.9352,0.306,0.172,0
611,1.206,0.61,-0.9367,0.306,0.172,0
612,1.207,0.611,-0.9381,0.306,0.172,0
613,1.208,0.612,-0.9394,0.306,0.172,0
614,1.209,0.613,-0.9408,0.305,0.172,0
615,1.21,0.614,-0.942,0.306,0.172,0
616,1.211,0.615,-0.9437,0.306,0.172,0
617,1.212,0.616,-0.9449,0.306,0.172,0
618,1.213,0.617,-0.9463,0.306,0.172,0
619,1.214,0.618,-0.9473,0.306,0.171,0
620,1.215,0.619,-0.9486,0.306,0.171,0
621,1.216,0.62,-0.9496,0.305,0.171,0
622,1.217,0.621,-0.951,0.306,0.171,0
623,1.218,0.622,-0.9519,0.306,0.17,0
624,1.219,0.623,-0.9535,0.306,0.17,0
625,1.22,0.624,-0.9547,0.306,0.17,0
626,1.221,0.625,-0.9557,0.306,0.17,0
627,1.222,0.626,-0.9569,0.306,0.17,0
628,1.223,0.627,-0.9581,0.306,0.169,0
629,1.224,0.628,-0.959,0.306,0.169,0
630,1.225,0.629,-0.9603,0.306,0.168,0
631,1.226,0.63,-0.9616,0.305,0.168,0
632,1.227,0.631,-0.9624,0.306,0.168,0
633,1.228,0.632,-0.9634,0.306,0.168,0
634,1.229,0.633,-0.9644,0.306,0.168,0
635,1.23,0.634,-0.9655,0.305,0.168,0
636,1.231,0.635,-0.9668,0.306,0.168,0
637,1.232,0.636,-0.9676,0.306,0.168,0
638,1.233,0.637,-0.9684,0.306,0.167,0
639,1.234,0.638,-0.9696,0.306,0.167,0
640,1.235,0.639,-0.9704,0.305,0.166,0
641,1.236,0.64,-0.9713,0.305,0.165,0
642,1.237,0.641,-0.9722,0.306,0.166,0
643,1.238,0.642,-0.9737,0.306,0.165,0
644,1.239,0.643,-0.9742,0.306,0.165,0
645,1.24,0.644,-0.9752,0.306,0.165,0
646,1.241,0.645,-0.9761,0.305,0.164,0
647,1.242,0.646,-0.9769,0.306,0.165,0
648,1.243,0.647,-0.9777,0.305,0.164,0
649,1.244,0.648,-0.9785,0.306,0.164,0
650,1.245,0.649,-0.9793,0.306,0.163,0
651,1.246,0.65,-0.9805,0.306,0.163,0
652,1.247,0.651,-0.981,0.306,0.162,0
653,1.248,0.652,-0.9816,0.306,0.162,0
654,1.249,0.653,-0.9828,0.306,0.162,0
655,1.25,0.654,-0.9831,0.305,0.162,0
656,1.251,0.655,-0.9838,0.306,0.161,0
657,1.252,0.656,-0.9846,0.306,0.161,0
658,1.253,0.657,-0.9853,0.305,0.16,0
659,1.254,0.658,-0.9859,0.306,0.16,0
660,1.255,0.659,-0.9867,0.305,0.159,0
661,1.256,0.66,-0.9876,0.306,0.159,0
662,1.257,0.661,-0.9878,0.305,0.158,0
663,1.258,0.662,-0.9886,0.305,0.158,0
664,1.259,0.663,-0.9888,0.305,0.157,0
665,1.26,0.664,-0.9899,0.306,0.157,0
666,1.261,0.665,-0.9902,0.306,0.157,0
667,1.262,0.666,-0.9906,0.306,0.156,0
668,1.263,0.667,-0.9915,0.306,0.155,0
669,1.264,0.668,-0.9921,0.306,0.155,0
670,1.265,0.669,-0.9926,0.306,0.154,0
671,1.266,0.67,-0.9926,0.305,0.154,0
672,1.267,0.671,-0.9932,0.306,0.153,0
673,1.268,0.672,-0.9938,0.305,0.153,0
674,1.269,0.673,-0.9941,0.306,0.152,0
675,1.27,0.674,-0.9947,0.306,0.152,0
676,1.271,0.675,-0.995,0.306,0.151,0
677,1.272,0.676,-0.9954,0.306,0.15,0
678,1.273,0.677,-0.996,0.306,0.15,0
679,1.274,0.678,-0.9964,0.306,0.149,0
680,1.275,0.679,-0.9965,0.306,0.148,0
681,1.276,0.68,-0.9968,0.307,0.148,0
682,1.277,0.681,-0.9968,0.306,0.147,0
683,1.278,0.682,-0.9976,0.306,0.146,0
684,1.279,0.683,-0.9974,0.306,0.146,0
685,1.28,0.684,-0.9981,0.306,0.145,0
686,1.281,0.685,-0.998,0.306,0.144,0
687,1.282,0.686,-0.9986,0.306,0.143,0
688,1.283,0.687,-0.9986,0.306,0.143,0
689,1.284,0.688,-0.9986,0.306,0.143,0
690,1.285,0.689,-0.9991,0.306,0.142,0
691,1.286,0.69,-0.999,0.306,0.14,0
692,1.287,0.691,-0.9993,0.305,0.139,0
693,1.288,0.692,-0.9994,0.306,0.139,0
694,1.289,0.693,-0.9997,0.306,0.139,0
695,1.29,0.694,-1,0.306,0.137,0
696,1.291,0.695,-0.9998,0.306,0.136,0
697,1.292,0.696,-0.9999,0.305,0.136,0
698,1.293,0.697,-0.9999,0.307,0.135,0
699,1.294,0.698,-0.9999,0.305,0.134,0
700,1.295,0.699,-1.0001,0.306,0.134,0
701,1.296,0.7,-0.9998,0.306,0.133,0
702,1.297,0.701,-1,0.306,0.132,0
703,1.298,0.702,-0.9998,0.306,0.132,0
704,1.299,0.703,-0.9998,0.306,0.131,0
705,1.3,0.704,-0.9998,0.306,0.13,0
706,1.301,0.705,-0.9996,0.306,0.129,0
707,1.302,0.706,-0.9996,0.306,0.129,0
708,1.303,0.707,-0.9992,0.306,0.127,0
709,1.304,0.708,-0.9993,0.306,0.127,0
710,1.305,0.709,-0.9991,0.307,0.125,0
711,1.306,0.71,-0.9992,0.306,0.125,0
712,1.307,0.711,-0.9989,0.305,0.125,0
713,1.308,0.712,-0.9988,0.305,0.124,0
714,1.309,0.713,-0.9985,0.306,0.123,0
715,1.31,0.714,-0.9985,0.306,0.122,0
716,1.311,0.715,-0.998,0.305,0.121,0
717,1.312,0.716,-0.998,0.306,0.12,0
718,1.313,0.717,-0.9977,0.305,0.12,0
719,1.314,0.718,-0.9973,0.306,0.119,0
720,1.315,0.719,-0.9969,0.307,0.118,0
721,1.316,0.72,-0.9964,0.306,0.118,0
722,1.317,0.721,-0.9964,0.306,0.117,0
723,1.318,0.722,-0.9957,0.306,0.117,0
724,1.319,0.723,-0.9956,0.306,0.115,0
725,1.32,0.724,-0.995,0.306,0.114,0
726,1.321,0.725,-0.9949,0.306,0.114,0
727,1.322,0.726,-0.9946,0.306,0.113,0
728,1.323,0.727,-0.9943,0.306,0.112,0
729,1.324,0.728,-0.9938,0.306,0.112,0
730,1.325,0.729,-0.9935,0.306,0.111,0
731,1.326,0.73,-0.993,0.307,0.11,0
732,1.327,0.731,-0.9925,0.306,0.109,0
733,1.328,0.732,-0.9917,0.306,0.108,0
734,1.329,0.733,-0.9912,0.305,0.107,0
735,1.33,0.734,-0.9907,0.307,0.106,0
736,1.331,0.735,-0.9903,0.306,0.105,0
737,1.332,0.736,-0.9897,0.306,0.104,0
738,1.333,0.737,-0.989,0.306,0.103,0
739,1.334,0.738,-0.9886,0.306,0.102,0
740,1.335,0.739,-0.9878,0.305,0.101,0
741,1.336,0.74,-0.9877,0.306,0.099,0
742,1.337,0.741,-0.9867,0.306,0.098,0
743,1.338,0.742,-0.9861,0.306,0.097,0
744,1.339,0.743,-0.9854,0.306,0.096,0
745,1.34,0.744,-0.9847,0.305,0.094,0
746,1.341,0.745,-0.9839,0.305,0.093,0
747,1.342,0.746,-0.9832,0.306,0.091,0
748,1.343,0.747,-0.9822,0.306,0.089,0
749,1.344,0.748,-0.9818,0.306,0.088,0
750,1.345,0.749,-0.9809,0.305,0.086,0
751,1.346,0.75,-0.9801,0.306,0.085,0
752,1.347,0.751,-0.9795,0.306,0.084,0
753,1.348,0.752,-0.9786,0.306,0.082,0
754,1.349,0.753,-0.9777,0.306,0.081,0
755,1.35,0.754,-0.9768,0.305,0.079,0
756,1.351,0.755,-0.9759,0.306,0.078,0
757,1.352,0.756,-0.975,0.305,0.076,0
758,1.353,0.757,-0.9742,0.306,0.074,0
759,1.354,0.758,-0.9734,0.306,0.072,0
760,1.355,0.759,-0.9723,0.306,0.07,0
761,1.356,0.76,-0.9714,0.306,0.069,0
762,1.357,0.761,-0.9708,0.306,0.067,0
763,1.358,0.762,-0.9696,0.306,0.065,0
764,1.359,0.763,-0.9686,0.306,0.063,0
765,1.36,0.764,-0.9674,0.306,0.062,0
766,1.361,0.765,-0.9665,0.306,0.06,0
767,1.362,0.766,-0.9655,0.305,0.058,0
768,1.363,0.767,-0.9642,0.306,0.056,0
769,1.364,0.768,-0.9629,0.306,0.054,0
770,1.365,0.769,-0.962,0.306,0.052,0
771,1.366,0.77,-0.9608,0.306,0.05,0
772,1.367,0.771,-0.9597,0.306,0.049,0
773,1.368,0.772,-0.9586,0.305,0.047,0
774,1.369,0.773,-0.9577,0.305,0.045,0
775,1.37,0.774,-0.9566,0.306,0.043,0
776,1.371,0.775,-0.9558,0.306,0.042,0
777,1.372,0.776,-0.9546,0.305,0.039,0
778,1.373,0.777,-0.9531,0.306,0.038,0
779,1.374,0.778,-0.9516,0.306,0.035,0
780,1.375,0.779,-0.9507,0.306,0.033,0
781,1.376,0.78,-0.9494,0.306,0.031,0
782,1.377,0.781,-0.9481,0.306,0.029,0
783,1.378,0.782,-0.9468,0.306,0.028,0
784,1.379,0.783,-0.9455,0.306,0.026,0
785,1.38,0.784,-0.9442,0.305,0.023,0
786,1.381,0.785,-0.943,0.306,0.022,0
787,1.382,0.786,-0.9416,0.306,0.02,0
788,1.383,0.787,-0.9404,0.306,0.017,0
789,1.384,0.788,-0.939,0.306,0.016,0
790,1.385,0.789,-0.9377,0.306,0.013,0
791,1.386,0.79,-0.9359,0.306,0.011,0
792,1.387,0.791,-0.9349,0.306,0.009,0
793,1.388,0.792,-0.9332,0.306,0.007,0
794,1.389,0.793,-0.9319,0.306,0.005,0
795,1.39,0.794,-0.9303,0.306,0.003,0
796,1.391,0.795,-0.9291,0.306,0.001,0
797,1.392,0.796,-0.9278,0.306,-0.001,0
798,1.393,0.797,-0.9262,0.306,-0.003,0
799,1.394,0.798,-0.9249,0.306,-0.005,0
800,1.395,0.799,-0.9229,0.306,-0.007,0
801,1.396,0.8,-0.9215,0.306,-0.009,0
802,1.397,0.801,-0.9202,0.306,-0.011,0
803,1.398,0.802,-0.9186,0.306,-0.013,0
804,1.399,0.803,-0.9173,0.306,-0.015,0
805,1.4,0.804,-0.9158,0.306,-0.018,0
806,1.401,0.805,-0.914,0.306,-0.02,0
807,1.402,0.806,-0.9124,0.306,-0.022,0
808,1.403,0.807,-0.9108,0.306,-0.024,0
809,1.404,0.808,-0.9092,0.306,-0.026,0
810,1.405,0.809,-0.9076,0.306,-0.028,0
811,1.406,0.81,-0.906,0.306,-0.03,0
812,1.407,0.811,-0.9044,0.306,-0.032,0
813,1.408,0.812,-0.9027,0.306,-0.034,0
814,1.409,0.813,-0.9013,0.306,-0.036,0
815,1.41,0.814,-0.8997,0.305,-0.038,0
816,1.411,0.815,-0.8977,0.306,-0.039,0
817,1.412,0.816,-0.8962,0.306,-0.041,0
818,1.413,0.817,-0.8947,0.306,-0.043,0
819,1.414,0.818,-0.8929,0.306,-0.045,0
820,1.415,0.819,-0.8911,0.306,-0.047,0
821,1.416,0.82,-0.8894,0.306,-0.049,0
822,1.417,0.821,-0.8879,0.306,-0.05,0
823,1.418,0.822,-0.8859,0.305,-0.052,0
824,1.419,0.823,-0.8843,0.306,-0.054,0
825,1.42,0.824,-0.8824,0.304,-0.055,0
826,1.421,0.825,-0.881,0.306,-0.057,0
827,1.422,0.826,-0.8791,0.306,-0.058,0
828,1.423,0.827,-0.8772,0.306,-0.06,0
829,1.424,0.828,-0.8754,0.306,-0.062,0
830,1.425,0.829,-0.8733,0.306,-0.063,0
831,1.426,0.83,-0.8716,0.305,-0.064,0
832,1.427,0.831,-0.8698,0.306,-0.067,0
833,1.428,0.832,-0.8679,0.306,-0.068,0
834,1.429,0.833,-0.8663,0.306,-0.069,0
835,1.43,0.834,-0.8643,0.306,-0.071,0
836,1.431,0.835,-0.8627,0.306,-0.072,0
837,1.432,0.836,-0.8609,0.306,-0.074,0
838,1.433,0.837,-0.8589,0.306,-0.074,0
839,1.434,0.838,-0.8569,0.306,-0.077,0
840,1.435,0.839,-0.8551,0.306,-0.078,0
841,1.436,0.84,-0.8533,0.306,-0.08,0
842,1.437,0.841,-0.8514,0.306,-0.082,0
843,1.438,0.842,-0.8495,0.306,-0.083,0
844,1.439,0.843,-0.8477,0.306,-0.085,0
845,1.44,0.844,-0.846,0.306,-0.087,0
846,1.441,0.845,-0.844,0.306,-0.089,0
847,1.442,0.846,-0.8422,0.306,-0.09,0
848,1.443,0.847,-0.84,0.306,-0.092,0
849,1.444,0.848,-0.8382,0.306,-0.093,0
850,1.445,0.849,-0.836,0.305,-0.094,0
851,1.446,0.85,-0.8341,0.306,-0.096,0
852,1.447,0.851,-0.8322,0.305,-0.097,0
853,1.448,0.852,-0.8301,0.306,-0.099,0
854,1.449,0.853,-0.828,0.306,-0.1,0
855,1.45,0.854,-0.8264,0.306,-0.102,0
856,1.451,0.855,-0.8244,0.306,-0.103,0
857,1.452,0.856,-0.8225,0.305,-0.104,0
858,1.453,0.857,-0.8204,0.305,-0.105,0
859,1.454,0.858,-0.8184,0.306,-0.107,0
860,1.455,0.859,-0.8164,0.307,-0.109,0
861,1.456,0.86,-0.8145,0.306,-0.11,0
862,1.457,0.861,-0.8125,0.306,-0.11,0
863,1.458,0.862,-0.8103,0.306,-0.112,0
864,1.459,0.863,-0.8081,0.306,-0.114,0
865,1.46,0.864,-0.8063,0.305,-0.114,0
866,1.461,0.865,-0.8044,0.306,-0.116,0
867,1.462,0.866,-0.8023,0.306,-0.117,0
868,1.463,0.867,-0.8005,0.306,-0.118,0
869,1.464,0.868,-0.7984,0.306,-0.12,0
870,1.465,0.869,-0.7965,0.306,-0.121,0
871,1.466,0.87,-0.7943,0.306,-0.122,0
872,1.467,0.871,-0.7923,0.306,-0.123,0
873,1.468,0.872,-0.7902,0.306,-0.124,0
874,1.469,0.873,-0.7881,0.306,-0.126,0
875,1.47,0.874,-0.7862,0.306,-0.127,0
876,1.471,0.875,-0.7841,0.306,-0.128,0
877,1.472,0.876,-0.7819,0.306,-0.129,0
878,1.473,0.877,-0.7801,0.307,-0.13,0
879,1.474,0.878,-0.778,0.306,-0.132,0
880,1.475,0.879,-0.7762,0.306,-0.132,0
881,1.476,0.88,-0.7741,0.306,-0.134,0
882,1.477,0.881,-0.772,0.306,-0.135,0
883,1.478,0.882,-0.7698,0.306,-0.136,0
884,1.479,0.883,-0.7674,0.305,-0.136,0
885,1.48,0.884,-0.7656,0.306,-0.138,0
886,1.481,0.885,-0.7635,0.306,-0.139,0
887,1.482,0.886,-0.7613,0.306,-0.14,0
888,1.483,0.887,-0.7595,0.306,-0.141,0
889,1.484,0.888,-0.7575,0.305,-0.142,0
890,1.485,0.889,-0.7555,0.306,-0.143,0
891,1.486,0.89,-0.7533,0.306,-0.144,0
892,1.487,0.891,-0.7509,0.306,-0.145,0
893,1.488,0.892,-0.7493,0.306,-0.146,0
894,1.489,0.893,-0.747,0.306,-0.147,0
895,1.49,0.894,-0.7448,0.306,-0.148,0
896,1.491,0.895,-0.743,0.306,-0.15,0
897,1.492,0.896,-0.7408,0.306,-0.151,0
898,1.493,0.897,-0.7389,0.306,-0.151,0
899,1.494,0.898,-0.7372,0.306,-0.153,0
900,1.495,0.899,-0.7348,0.305,-0.154,0
901,1.496,0.9,-0.7329,0.306,-0.154,0
902,1.497,0.901,-0.7307,0.305,-0.155,0
903,1.498,0.902,-0.7285,0.306,-0.156,0
904,1.499,0.903,-0.7264,0.306,-0.156,0
905,1.5,0.904,-0.7242,0.306,-0.157,0
906,1.501,0.905,-0.7224,0.306,-0.158,0
907,1.502,0.906,-0.7204,0.306,-0.158,0
908,1.503,0.907,-0.7186,0.306,-0.159,0
909,1.504,0.908,-0.7166,0.306,-0.16,0
910,1.505,0.909,-0.7143,0.305,-0.16,0
911,1.506,0.91,-0.7123,0.307,-0.161,0
912,1.507,0.911,-0.7103,0.306,-0.161,0
913,1.508,0.912,-0.7079,0.305,-0.162,0
914,1.509,0.913,-0.7063,0.306,-0.163,0
915,1.51,0.914,-0.7042,0.306,-0.164,0
916,1.511,0.915,-0.7019,0.306,-0.164,0
917,1.512,0.916,-0.7,0.306,-0.164,0
918,1.513,0.917,-0.6982,0.306,-0.165,0
919,1.514,0.918,-0.696,0.306,-0.166,0
920,1.515,0.919,-0.6938,0.306,-0.166,0
921,1.516,0.92,-0.6919,0.306,-0.167,0
922,1.517,0.921,-0.6899,0.306,-0.168,0
923,1.518,0.922,-0.6879,0.306,-0.168,0
924,1.519,0.923,-0.6861,0.305,-0.168,0
925,1.52,0.924,-0.684,0.305,-0.169,0
926,1.521,0.925,-0.6821,0.306,-0.17,0
927,1.522,0.926,-0.6802,0.305,-0.17,0
928,1.523,0.927,-0.6782,0.305,-0.17,0
929,1.524,0.928,-0.6762,0.306,-0.171,0
930,1.525,0.929,-0.6744,0.306,-0.171,0
931,1.526,0.93,-0.6722,0.306,-0.171,0
932,1.527,0.931,-0.6706,0.306,-0.171,0
933,1.528,0.932,-0.6682,0.306,-0.172,0
934,1.529,0.933,-0.6664,0.306,-0.172,0
935,1.53,0.934,-0.6646,0.306,-0.172,0
936,1.531,0.935,-0.6623,0.306,-0.173,0
937,1.532,0.936,-0.6606,0.306,-0.173,0
938,1.533,0.937,-0.6587,0.306,-0.173,0
939,1.534,0.938,-0.6568,0.306,-0.174,0
940,1.535,0.939,-0.6547,0.305,-0.174,0
941,1.536,0.94,-0.6529,0.306,-0.174,0
942,1.537,0.941,-0.6512,0.306,-0.175,0
943,1.538,0.942,-0.6492,0.306,-0.175,0
944,1.539,0.943,-0.6471,0.306,-0.175,0
945,1.54,0.944,-0.6455,0.306,-0.175,0
946,1.541,0.945,-0.6439,0.306,-0.175,0
947,1.542,0.946,-0.642,0.306,-0.176,0
948,1.543,0.947,-0.6401,0.306,-0.176,0
949,1.544,0.948,-0.6381,0.305,-0.177,0
950,1.545,0.949,-0.6364,0.306,-0.177,0
951,1.546,0.95,-0.6343,0.306,-0.178,0
952,1.547,0.951,-0.6328,0.306,-0.178,0
953,1.548,0.952,-0.6307,0.306,-0.179,0
954,1.549,0.953,-0.6287,0.305,-0.179,0
955,1.55,0.954,-0.6268,0.306,-0.179,0
956,1.551,0.955,-0.6252,0.306,-0.179,0
957,1.552,0.956,-0.6237,0.306,-0.18,0
958,1.553,0.957,-0.622,0.306,-0.18,0
959,1.554,0.958,-0.6203,0.306,-0.18,0
960,1.555,0.959,-0.6187,0.306,-0.18,0
961,1.556,0.96,-0.617,0.306,-0.18,0
962,1.557,0.961,-0.615,0.306,-0.181,0
963,1.558,0.962,-0.6133,0.306,-0.181,0
964,1.559,0.963,-0.6115,0.306,-0.181,0
965,1.56,0.964,-0.6097,0.306,-0.181,0
966,1.561,0.965,-0.6077,0.306,-0.181,0
967,1.562,0.966,-0.6061,0.306,-0.182,0
968,1.563,0.967,-0.6045,0.306,-0.182,0
969,1.564,0.968,-0.6028,0.306,-0.183,0
970,1.565,0.969,-0.6011,0.307,-0.183,0
971,1.566,0.97,-0.5996,0.306,-0.182,0
972,1.567,0.971,-0.5982,0.307,-0.183,0
973,1.568,0.972,-0.5966,0.306,-0.182,0
974,1.569,0.973,-0.595,0.306,-0.182,0
975,1.57,0.974,-0.5932,0.306,-0.182,0
976,1.571,0.975,-0.5918,0.306,-0.182,0
977,1.572,0.976,-0.5902,0.306,-0.183,0
978,1.573,0.977,-0.5887,0.306,-0.182,0
979,1.574,0.978,-0.5872,0.306,-0.182,0
980,1.575,0.979,-0.5856,0.306,-0.182,0
981,1.576,0.98,-0.5837,0.306,-0.182,0
982,1.577,0.981,-0.5824,0.306,-0.182,0
983,1.578,0.982,-0.5809,0.306,-0.182,0
984,1.579,0.983,-0.5792,0.306,-0.181,0
985,1.58,0.984,-0.5778,0.306,-0.181,0
986,1.581,0.985,-0.5762,0.306,-0.181,0
987,1.582,0.986,-0.5748,0.306,-0.181,0
988,1.583,0.987,-0.5735,0.306,-0.181,0
989,1.584,0.988,-0.5719,0.306,-0.18,0
990,1.585,0.989,-0.5703,0.305,-0.18,0
991,1.586,0.99,-0.5691,0.306,-0.18,0
992,1.587,0.991,-0.5675,0.305,-0.18,0
993,1.588,0.992,-0.5662,0.306,-0.179,0
994,1.589,0.993,-0.5648,0.305,-0.179,0
995,1.59,0.994,-0.5637,0.306,-0.179,0
996,1.591,0.995,-0.5623,0.306,-0.179,0
997,1.592,0.996,-0.5609,0.306,-0.178,0
998,1.593,0.997,-0.5595,0.306,-0.177,0
999,1.594,0.998,-0.5582,0.306,-0.176,0
1000,1.595,0.999,-0.5569,0.306,-0.176,0
1,1.596,0,-0.5554,0.306,-0.176,0
2,1.597,0.001,-0.5544,0.306,-0.175,0
3,1.598,0.002,-0.5529,0.306,-0.175,0
4,1.599,0.003,-0.5518,0.306,-0.175,0
5,1.6,0.004,-0.5505,0.306,-0.174,0
6,1.601,0.005,-0.5493,0.306,-0.174,0
7,1.602,0.006,-0.5481,0.306,-0.173,0
8,1.603,0.007,-0.547,0.306,-0.173,0
9,1.604,0.008,-0.5457,0.305,-0.172,0
10,1.605,0.009,-0.5442,0.306,-0.172,0
11,1.606,0.01,-0.5434,0.306,-0.171,0
12,1.607,0.011,-0.542,0.306,-0.171,0
13,1.608,0.012,-0.5411,0.306,-0.171,0
14,1.609,0.013,-0.5403,0.306,-0.17,0
15,1.61,0.014,-0.539,0.306,-0.169,0
16,1.611,0.015,-0.538,0.307,-0.169,0
17,1.612,0.016,-0.5367,0.306,-0.168,0
18,1.613,0.017,-0.5359,0.306,-0.168,0
19,1.614,0.018,-0.5348,0.306,-0.168,0
20,1.615,0.019,-0.5338,0.307,-0.167,0
21,1.616,0.02,-0.5325,0.306,-0.166,0
22,1.617,0.021,-0.5316,0.306,-0.166,0
23,1.618,0.022,-0.5308,0.306,-0.165,0
24,1.619,0.023,-0.53,0.306,-0.165,0
25,1.62,0.024,-0.529,0.306,-0.164,0
26,1.621,0.025,-0.5281,0.306,-0.164,0
27,1.622,0.026,-0.5274,0.306,-0.164,0
28,1.623,0.027,-0.5262,0.307,-0.163,0
29,1.624,0.028,-0.5254,0.307,-0.162,0
30,1.625,0.029,-0.5243,0.306,-0.161,0
31,1.626,0.03,-0.5232,0.306,-0.161,0
32,1.627,0.031,-0.5222,0.306,-0.16,0
33,1.628,0.032,-0.5215,0.306,-0.16,0
34,1.629,0.033,-0.5209,0.306,-0.159,0
35,1.63,0.034,-0.52,0.306,-0.159,0
36,1.631,0.035,-0.5191,0.306,-0.158,0
37,1.632,0.036,-0.5187,0.306,-0.157,0
38,1.633,0.037,-0.5179,0.306,-0.157,0
39,1.634,0.038,-0.5171,0.306,-0.156,0
40,1.635,0.039,-0.5166,0.306,-0.155,0
41,1.636,0.04,-0.5158,0.306,-0.155,0
42,1.637,0.041,-0.5148,0.305,-0.154,0
43,1.638,0.042,-0.5142,0.306,-0.154,0
44,1.639,0.043,-0.5135,0.306,-0.153,0
45,1.64,0.044,-0.5128,0.306,-0.152,0
46,1.641,0.045,-0.5123,0.306,-0.152,0
47,1.642,0.046,-0.5118,0.306,-0.15,0
48,1.643,0.047,-0.5111,0.306,-0.15,0
49,1.644,0.048,-0.5105,0.306,-0.149,0
50,1.645,0.049,-0.5099,0.306,-0.148,0
51,1.646,0.05,-0.5093,0.306,-0.147,0
52,1.647,0.051,-0.5088,0.306,-0.146,0
53,1.648,0.052,-0.5083,0.306,-0.145,0
54,1.649,0.053,-0.5078,0.305,-0.145,0
55,1.65,0.054,-0.5075,0.306,-0.144,0
56,1.651,0.055,-0.507,0.306,-0.143,0
57,1.652,0.056,-0.5065,0.306,-0.142,0
58,1.653,0.057,-0.5058,0.306,-0.141,0
59,1.654,0.058,-0.5058,0.306,-0.14,0
60,1.655,0.059,-0.5051,0.305,-0.14,0
61,1.656,0.06,-0.5049,0.305,-0.139,0
62,1.657,0.061,-0.5045,0.306,-0.139,0
63,1.658,0.062,-0.5042,0.306,-0.137,0
64,1.659,0.063,-0.5037,0.306,-0.136,0
65,1.66,0.064,-0.5034,0.306,-0.135,0
66,1.661,0.065,-0.5031,0.306,-0.134,0
67,1.662,0.066,-0.5027,0.306,-0.133,0
68,1.663,0.067,-0.5023,0.306,-0.132,0
69,1.664,0.068,-0.5023,0.306,-0.131,0
70,1.665,0.069,-0.5017,0.306,-0.13,0
71,1.666,0.07,-0.5016,0.306,-0.129,0
72,1.667,0.071,-0.5013,0.306,-0.128,0
73,1.668,0.072,-0.501,0.306,-0.127,0
74,1.669,0.073,-0.501,0.306,-0.126,0
75,1.67,0.074,-0.5008,0.306,-0.125,0
76,1.671,0.075,-0.5009,0.305,-0.124,0
77,1.672,0.076,-0.5006,0.306,-0.123,0
78,1.673,0.077,-0.5004,0.306,-0.122,0
79,1.674,0.078,-0.5004,0.306,-0.121,0
80,1.675,0.079,-0.5004,0.306,-0.12,0
81,1.676,0.08,-0.5002,0.306,-0.119,0
82,1.677,0.081,-0.5004,0.306,-0.118,0
83,1.678,0.082,-0.5,0.306,-0.117,0
84,1.679,0.083,-0.5,0.306,-0.116,0
85,1.68,0.084,-0.5001,0.306,-0.114,0
86,1.681,0.085,-0.5002,0.306,-0.113,0
87,1.682,0.086,-0.5004,0.306,-0.113,0
88,1.683,0.087,-0.5004,0.307,-0.112,0
89,1.684,0.088,-0.5004,0.305,-0.11,0
90,1.685,0.089,-0.5004,0.306,-0.109,0
91,1.686,0.09,-0.5004,0.306,-0.108,0
92,1.687,0.091,-0.5007,0.306,-0.107,0
93,1.688,0.092,-0.5008,0.305,-0.106,0
94,1.689,0.093,-0.501,0.306,-0.105,0
95,1.69,0.094,-0.5011,0.305,-0.104,0
96,1.691,0.095,-0.5012,0.306,-0.103,0
97,1.692,0.096,-0.5014,0.306,-0.102,0
98,1.693,0.097,-0.5016,0.306,-0.101,0
99,1.694,0.098,-0.502,0.306,-0.1,0
100,1.695,0.099,-0.5023,0.306,-0.098,0
101,1.696,0.1,-0.5023,0.305,-0.098,0
102,1.697,0.101,-0.5026,0.306,-0.097,0
103,1.698,0.102,-0.5029,0.307,-0.096,0
104,1.699,0.103,-0.5029,0.306,-0.094,0
105,1.7,0.104,-0.5034,0.306,-0.094,0
106,1.701,0.105,-0.5036,0.306,-0.093,0
107,1.702,0.106,-0.5038,0.307,-0.092,0
108,1.703,0.107,-0.5045,0.305,-0.09,0
109,1.704,0.108,-0.5049,0.306,-0.089,0
110,1.705,0.109,-0.5051,0.306,-0.089,0
111,1.706,0.11,-0.5056,0.306,-0.088,0
112,1.707,0.111,-0.5061,0.307,-0.087,0
113,1.708,0.112,-0.5065,0.306,-0.086,0
114,1.709,0.113,-0.5068,0.306,-0.085,0
115,1.71,0.114,-0.5073,0.307,-0.084,0
116,1.711,0.115,-0.508,0.306,-0.083,0
117,1.712,0.116,-0.5082,0.306,-0.083,0
118,1.713,0.117,-0.5092,0.306,-0.082,0
119,1.714,0.118,-0.5094,0.306,-0.081,0
120,1.715,0.119,-0.5099,0.307,-0.08,0
121,1.716,0.12,-0.5106,0.306,-0.078,0
122,1.717,0.121,-0.511,0.306,-0.078,0
123,1.718,0.122,-0.5115,0.306,-0.077,0
124,1.719,0.123,-0.5123,0.305,-0.076,0
125,1.72,0.124,-0.5126,0.306,-0.075,0
126,1.721,0.125,-0.5135,0.306,-0.075,0
127,1.722,0.126,-0.5143,0.305,-0.074,0
128,1.723,0.127,-0.515,0.306,-0.074,0
129,1.724,0.128,-0.5158,0.306,-0.072,0
130,1.725,0.129,-0.5165,0.306,-0.072,0
131,1.726,0.13,-0.5171,0.305,-0.071,0
132,1.727,0.131,-0.518,0.306,-0.07,0
133,1.728,0.132,-0.5185,0.306,-0.069,0
134,1.729,0.133,-0.5193,0.306,-0.069,0
135,1.73,0.134,-0.52,0.306,-0.068,0
136,1.731,0.135,-0.5209,0.306,-0.067,0
137,1.732,0.136,-0.5216,0.305,-0.067,0
138,1.733,0.137,-0.5226,0.306,-0.066,0
139,1.734,0.138,-0.5235,0.306,-0.065,0
140,1.735,0.139,-0.524,0.306,-0.064,0
141,1.736,0.14,-0.525,0.305,-0.064,0
142,1.737,0.141,-0.5261,0.306,-0.063,0
143,1.738,0.142,-0.5267,0.306,-0.063,0
144,1.739,0.143,-0.5277,0.306,-0.062,0
145,1.74,0.144,-0.5286,0.307,-0.061,0
146,1.741,0.145,-0.5296,0.306,-0.06,0
147,1.742,0.146,-0.5306,0.306,-0.06,0
148,1.743,0.147,-0.5318,0.307,-0.06,0
149,1.744,0.148,-0.5328,0.306,-0.059,0
150,1.745,0.149,-0.5338,0.306,-0.058,0
151,1.746,0.15,-0.5346,0.306,-0.058,0
152,1.747,0.151,-0.5354,0.306,-0.056,0
153,1.748,0.152,-0.5365,0.306,-0.056,0
154,1.749,0.153,-0.5377,0.306,-0.056,0
155,1.75,0.154,-0.5387,0.306,-0.055,0
156,1.751,0.155,-0.5399,0.306,-0.054,0
157,1.752,0.156,-0.5412,0.306,-0.053,0
158,1.753,0.157,-0.5421,0.305,-0.053,0
159,1.754,0.158,-0.5435,0.305,-0.052,0
160,1.755,0.159,-0.5446,0.306,-0.052,0
161,1.756,0.16,-0.5461,0.306,-0.051,0
162,1.757,0.161,-0.547,0.306,-0.051,0
163,1.758,0.162,-0.5483,0.306,-0.05,0
164,1.759,0.163,-0.5496,0.306,-0.05,0
165,1.76,0.164,-0.551,0.306,-0.049,0
166,1.761,0.165,-0.5522,0.307,-0.049,0
167,1.762,0.166,-0.5535,0.306,-0.048,0
168,1.763,0.167,-0.5547,0.306,-0.046,0
169,1.764,0.168,-0.5559,0.306,-0.045,0
170,1.765,0.169,-0.5571,0.305,-0.044,0
171,1.766,0.17,-0.5582,0.307,-0.042,0
172,1.767,0.171,-0.5596,0.305,-0.041,0
173,1.768,0.172,-0.5607,0.305,-0.04,0
174,1.769,0.173,-0.5622,0.306,-0.038,0
175,1.77,0.174,-0.5637,0.305,-0.036,0
176,1.771,0.175,-0.5654,0.306,-0.034,0
177,1.772,0.176,-0.5669,0.306,-0.031,0
178,1.773,0.177,-0.5682,0.306,-0.028,0
179,1.774,0.178,-0.5696,0.304,-0.025,0
180,1.775,0.179,-0.5711,0.306,-0.021,0
181,1.776,0.18,-0.5724,0.306,-0.018,0
182,1.777,0.181,-0.5741,0.306,-0.014,0
183,1.778,0.182,-0.5757,0.306,-0.011,0
184,1.779,0.183,-0.577,0.306,-0.008,0
185,1.78,0.184,-0.5786,0.305,-0.005,0
186,1.781,0.185,-0.5801,0.306,-0.002,0
187,1.782,0.186,-0.5816,0.306,0,0
188,1.783,0.187,-0.5829,0.306,0.002,0
189,1.784,0.188,-0.5845,0.306,0.004,0
190,1.785,0.189,-0.586,0.306,0.006,0
191,1.786,0.19,-0.5875,0.306,0.009,0
192,1.787,0.191,-0.5889,0.305,0.011,0
193,1.788,0.192,-0.5908,0.305,0.013,0
194,1.789,0.193,-0.5926,0.306,0.015,0
195,1.79,0.194,-0.5938,0.306,0.017,0
196,1.791,0.195,-0.5959,0.306,0.019,0
197,1.792,0.196,-0.5974,0.306,0.021,0
198,1.793,0.197,-0.5989,0.306,0.023,0
199,1.794,0.198,-0.6008,0.306,0.024,0
200,1.795,0.199,-0.6023,0.306,0.027,0
201,1.796,0.2,-0.6038,0.306,0.029,0
202,1.797,0.201,-0.6056,0.306,0.031,0
203,1.798,0.202,-0.6074,0.305,0.032,0
204,1.799,0.203,-0.6086,0.306,0.034,0
205,1.8,0.204,-0.6105,0.306,0.036,0
206,1.801,0.205,-0.6124,0.306,0.038,0
207,1.802,0.206,-0.614,0.305,0.04,0
208,1.803,0.207,-0.6155,0.306,0.042,0
209,1.804,0.208,-0.6174,0.306,0.043,0
210,1.805,0.209,-0.6191,0.306,0.045,0
211,1.806,0.21,-0.621,0.306,0.047,0
212,1.807,0.211,-0.6228,0.306,0.049,0
213,1.808,0.212,-0.6245,0.306,0.051,0
214,1.809,0.213,-0.6265,0.305,0.053,0
215,1.81,0.214,-0.6285,0.306,0.055,0
216,1.811,0.215,-0.6302,0.306,0.057,0
217,1.812,0.216,-0.632,0.305,0.058,0
218,1.813,0.217,-0.6337,0.305,0.061,0
219,1.814,0.218,-0.6353,0.306,0.063,0
220,1.815,0.219,-0.6373,0.306,0.064,0
221,1.816,0.22,-0.6391,0.306,0.066,0
222,1.817,0.221,-0.6411,0.306,0.068,0
223,1.818,0.222,-0.6429,0.306,0.07,0
224,1.819,0.223,-0.6448,0.305,0.071,0
225,1.82,0.224,-0.6467,0.306,0.073,0
226,1.821,0.225,-0.6484,0.306,0.075,0
227,1.822,0.226,-0.65,0.306,0.077,0
228,1.823,0.227,-0.652,0.306,0.079,0
229,1.824,0.228,-0.6541,0.306,0.08,0
230,1.825,0.229,-0.6562,0.306,0.082,0
231,1.826,0.23,-0.6581,0.306,0.084,0
232,1.827,0.231,-0.6601,0.306,0.086,0
233,1.828,0.232,-0.662,0.306,0.087,0
234,1.829,0.233,-0.6642,0.306,0.089,0
235,1.83,0.234,-0.6659,0.306,0.091,0
236,1.831,0.235,-0.6676,0.306,0.093,0
237,1.832,0.236,-0.6696,0.306,0.094,0
238,1.833,0.237,-0.6714,0.305,0.096,0
239,1.834,0.238,-0.6735,0.305,0.098,0
240,1.835,0.239,-0.6755,0.306,0.099,0
241,1.836,0.24,-0.6777,0.306,0.101,0
242,1.837,0.241,-0.6797,0.306,0.103,0
243,1.838,0.242,-0.6815,0.305,0.104,0
244,1.839,0.243,-0.6836,0.305,0.106,0
245,1.84,0.244,-0.6855,0.306,0.107,0
246,1.841,0.245,-0.6877,0.306,0.109,0
247,1.842,0.246,-0.6896,0.306,0.11,0
248,1.843,0.247,-0.6914,0.306,0.112,0
249,1.844,0.248,-0.6935,0.306,0.113,0
250,1.845,0.249,-0.6954,0.306,0.114,0
251,1.846,0.25,-0.6973,0.306,0.116,0
252,1.847,0.251,-0.6998,0.306,0.117,0
253,1.848,0.252,-0.7018,0.306,0.118,0
254,1.849,0.253,-0.7038,0.306,0.12,0
255,1.85,0.254,-0.7056,0.306,0.122,0
256,1.851,0.255,-0.7076,0.306,0.123,0
257,1.852,0.256,-0.7096,0.306,0.124,0
258,1.853,0.257,-0.7115,0.306,0.125,0
259,1.854,0.258,-0.7138,0.305,0.126,0
260,1.855,0.259,-0.716,0.306,0.128,0
261,1.856,0.26,-0.7177,0.306,0.129,0
262,1.857,0.261,-0.7198,0.307,0.13,0
263,1.858,0.262,-0.7219,0.306,0.131,0
264,1.859,0.263,-0.7241,0.306,0.132,0
265,1.86,0.264,-0.7261,0.306,0.133,0
266,1.861,0.265,-0.7279,0.306,0.134,0
267,1.862,0.266,-0.7304,0.306,0.135,0
268,1.863,0.267,-0.7323,0.306,0.137,0
269,1.864,0.268,-0.7345,0.306,0.138,0
270,1.865,0.269,-0.7366,0.306,0.139,0
271,1.866,0.27,-0.7384,0.306,0.139,0
272,1.867,0.271,-0.7405,0.306,0.14,0
273,1.868,0.272,-0.7422,0.306,0.14,0
274,1.869,0.273,-0.7445,0.306,0.142,0
275,1.87,0.274,-0.7463,0.306,0.142,0
276,1.871,0.275,-0.7486,0.306,0.143,0
277,1.872,0.276,-0.7508,0.306,0.143,0
278,1.873,0.277,-0.7529,0.306,0.144,0
279,1.874,0.278,-0.755,0.306,0.145,0
280,1.875,0.279,-0.7569,0.306,0.145,0
281,1.876,0.28,-0.759,0.306,0.146,0
282,1.877,0.281,-0.7609,0.305,0.147,0
283,1.878,0.282,-0.763,0.306,0.147,0
284,1.879,0.283,-0.765,0.306,0.148,0
285,1.88,0.284,-0.7671,0.306,0.149,0
286,1.881,0.285,-0.769,0.306,0.149,0
287,1.882,0.286,-0.7712,0.306,0.15,0
288,1.883,0.287,-0.7729,0.306,0.15,0
289,1.884,0.288,-0.7752,0.306,0.152,0
290,1.885,0.289,-0.7772,0.306,0.152,0
291,1.886,0.29,-0.7793,0.306,0.152,0
292,1.887,0.291,-0.7813,0.306,0.154,0
293,1.888,0.292,-0.7831,0.306,0.154,0
294,1.889,0.293,-0.7855,0.305,0.154,0
295,1.89,0.294,-0.7875,0.305,0.155,0
296,1.891,0.295,-0.7896,0.306,0.156,0
297,1.892,0.296,-0.7916,0.306,0.157,0
298,1.893,0.297,-0.7935,0.306,0.157,0
299,1.894,0.298,-0.7955,0.306,0.158,0
300,1.895,0.299,-0.7978,0.306,0.159,0
301,1.896,0.3,-0.7997,0.306,0.159,0
302,1.897,0.301,-0.8018,0.305,0.16,0
303,1.898,0.302,-0.8036,0.307,0.16,0
304,1.899,0.303,-0.8056,0.306,0.16,0
305,1.9,0.304,-0.8079,0.305,0.161,0
306,1.901,0.305,-0.8094,0.306,0.161,0
307,1.902,0.306,-0.8116,0.307,0.161,0
308,1.903,0.307,-0.8136,0.306,0.161,0
309,1.904,0.308,-0.8155,0.306,0.162,0
310,1.905,0.309,-0.8179,0.306,0.162,0
311,1.906,0.31,-0.8197,0.306,0.162,0
312,1.907,0.311,-0.8218,0.306,0.163,0
313,1.908,0.312,-0.8236,0.306,0.164,0
314,1.909,0.313,-0.8251,0.305,0.164,0
315,1.91,0.314,-0.8276,0.306,0.164,0
316,1.911,0.315,-0.8297,0.306,0.164,0
317,1.912,0.316,-0.8314,0.306,0.164,0
318,1.913,0.317,-0.8334,0.306,0.165,0
319,1.914,0.318,-0.8352,0.305,0.165,0
320,1.915,0.319,-0.8374,0.306,0.165,0
321,1.916,0.32,-0.8392,0.306,0.166,0
322,1.917,0.321,-0.8412,0.305,0.167,0
323,1.918,0.322,-0.843,0.306,0.167,0
324,1.919,0.323,-0.8448,0.306,0.168,0
325,1.92,0.324,-0.8465,0.306,0.167,0
326,1.921,0.325,-0.8484,0.306,0.168,0
327,1.922,0.326,-0.8502,0.306,0.168,0
328,1.923,0.327,-0.8524,0.306,0.168,0
329,1.924,0.328,-0.8541,0.305,0.168,0
330,1.925,0.329,-0.8562,0.306,0.168,0
331,1.926,0.33,-0.858,0.305,0.169,0
332,1.927,0.331,-0.8599,0.306,0.169,0
333,1.928,0.332,-0.8619,0.307,0.169,0
334,1.929,0.333,-0.8633,0.305,0.169,0
335,1.93,0.334,-0.8654,0.306,0.169,0
336,1.931,0.335,-0.867,0.306,0.169,0
337,1.932,0.336,-0.869,0.306,0.17,0
338,1.933,0.337,-0.8707,0.306,0.169,0
339,1.934,0.338,-0.8724,0.305,0.17,0
340,1.935,0.339,-0.8741,0.306,0.17,0
341,1.936,0.34,-0.8758,0.306,0.17,0
342,1.937,0.341,-0.8777,0.306,0.17,0
343,1.938,0.342,-0.8794,0.306,0.169,0
344,1.939,0.343,-0.8813,0.306,0.17,0
345,1.94,0.344,-0.8831,0.306,0.171,0
346,1.941,0.345,-0.8849,0.306,0.171,0
347,1.942,0.346,-0.8866,0.307,0.171,0
348,1.943,0.347,-0.8881,0.306,0.171,0
349,1.944,0.348,-0.8898,0.306,0.171,0
350,1.945,0.349,-0.8914,0.306,0.172,0
351,1.946,0.35,-0.8933,0.306,0.172,0
352,1.947,0.351,-0.8949,0.306,0.172,0
353,1.948,0.352,-0.8967,0.306,0.172,0
354,1.949,0.353,-0.8982,0.306,0.172,0
355,1.95,0.354,-0.8995,0.305,0.172,0
356,1.951,0.355,-0.9014,0.306,0.172,0
357,1.952,0.356,-0.9031,0.306,0.172,0
358,1.953,0.357,-0.9046,0.304,0.172,0
359,1.954,0.358,-0.906,0.306,0.172,0
360,1.955,0.359,-0.9079,0.306,0.172,0
361,1.956,0.36,-0.9095,0.305,0.172,0
362,1.957,0.361,-0.9109,0.306,0.172,0
363,1.958,0.362,-0.9124,0.307,0.172,0
364,1.959,0.363,-0.9138,0.306,0.172,0
365,1.96,0.364,-0.9155,0.306,0.172,0
366,1.961,0.365,-0.9172,0.306,0.172,0
367,1.962,0.366,-0.9188,0.306,0.172,0
368,1.963,0.367,-0.9203,0.306,0.172,0
369,1.964,0.368,-0.9217,0.306,0.172,0
370,1.965,0.369,-0.9228,0.306,0.172,0
371,1.966,0.37,-0.9243,0.306,0.172,0
372,1.967,0.371,-0.9256,0.305,0.173,0
373,1.968,0.372,-0.9274,0.306,0.172,0
374,1.969,0.373,-0.9289,0.306,0.172,0
375,1.97,0.374,-0.9302,0.306,0.172,0
376,1.971,0.375,-0.9317,0.306,0.172,0
377,1.972,0.376,-0.9332,0.306,0.172,0
378,1.973,0.377,-0.9345,0.306,0.172,0
379,1.974,0.378,-0.9358,0.307,0.172,0
380,1.975,0.379,-0.9374,0.305,0.172,0
381,1.976,0.38,-0.9389,0.305,0.172,0
382,1.977,0.381,-0.9402,0.306,0.172,0
383,1.978,0.382,-0.9413,0.305,0.172,0
384,1.979,0.383,-0.9426,0.306,0.172,0
385,1.98,0.384,-0.9439,0.305,0.171,0
386,1.981,0.385,-0.945,0.306,0.171,0
387,1.982,0.386,-0.9465,0.306,0.171,0
388,1.983,0.387,-0.9477,0.306,0.171,0
389,1.984,0.388,-0.9488,0.306,0.171,0
390,1.985,0.389,-0.9498,0.306,0.17,0
391,1.986,0.39,-0.9514,0.306,0.17,0
392,1.987,0.391,-0.9526,0.306,0.17,0
393,1.988,0.392,-0.9537,0.305,0.17,0
394,1.989,0.393,-0.9551,0.304,0.17,0
395,1.99,0.394,-0.9558,0.306,0.17,0
396,1.991,0.395,-0.9574,0.306,0.17,0
397,1.992,0.396,-0.9586,0.306,0.169,0
398,1.993,0.397,-0.9597,0.306,0.169,0
399,1.994,0.398,-0.961,0.306,0.169,0
400,1.995,0.399,-0.962,0.306,0.169,0
401,1.996,0.4,-0.9628,0.306,0.169,0
402,1.997,0.401,-0.9641,0.306,0.168,0
403,1.998,0.402,-0.9649,0.306,0.168,0
404,1.999,0.403,-0.9661,0.306,0.168,0
405,2,0.404,-0.9671,0.307,0.168,0
406,2.001,0.405,-0.9678,0.306,0.168,0
407,2.002,0.406,-0.969,0.305,0.167,0
408,2.003,0.407,-0.9699,0.306,0.168,0
409,2.004,0.408,-0.9709,0.305,0.166,0
410,2.005,0.409,-0.9715,0.306,0.166,0
411,2.006,0.41,-0.9725,0.306,0.165,0
412,2.007,0.411,-0.9735,0.305,0.165,0
413,2.008,0.412,-0.9746,0.306,0.165,0
414,2.009,0.413,-0.9754,0.306,0.164,0
415,2.01,0.414,-0.9764,0.305,0.164,0
416,2.011,0.415,-0.9776,0.306,0.164,0
417,2.012,0.416,-0.9783,0.306,0.164,0
418,2.013,0.417,-0.9789,0.306,0.164,0
419,2.014,0.418,-0.9799,0.306,0.163,0
420,2.015,0.419,-0.9806,0.306,0.163,0
421,2.016,0.42,-0.9812,0.306,0.162,0
422,2.017,0.421,-0.9819,0.306,0.162,0
423,2.018,0.422,-0.9825,0.305,0.161,0
424,2.019,0.423,-0.9833,0.305,0.161,0
425,2.02,0.424,-0.984,0.305,0.161,0
426,2.021,0.425,-0.9846,0.306,0.16,0
427,2.022,0.426,-0.9857,0.307,0.16,0
428,2.023,0.427,-0.9862,0.305,0.16,0
429,2.024,0.428,-0.987,0.306,0.159,0
430,2.025,0.429,-0.9877,0.306,0.158,0
431,2.026,0.43,-0.988,0.307,0.158,0
432,2.027,0.431,-0.9887,0.306,0.158,0
433,2.028,0.432,-0.9896,0.306,0.157,0
434,2.029,0.433,-0.9899,0.306,0.157,0
435,2.03,0.434,-0.9904,0.306,0.156,0
436,2.031,0.435,-0.9911,0.306,0.156,0
437,2.032,0.436,-0.9915,0.305,0.155,0
438,2.033,0.437,-0.9924,0.306,0.155,0
439,2.034,0.438,-0.9927,0.306,0.154,0
440,2.035,0.439,-0.9932,0.306,0.154,0
441,2.036,0.44,-0.9937,0.306,0.153,0
442,2.037,0.441,-0.9941,0.306,0.152,0
443,2.038,0.442,-0.9941,0.305,0.152,0
444,2.039,0.443,-0.9946,0.306,0.151,0
445,2.04,0.444,-0.995,0.306,0.15,0
446,2.041,0.445,-0.9953,0.306,0.15,0
447,2.042,0.446,-0.9959,0.306,0.148,0
448,2.043,0.447,-0.9963,0.306,0.148,0
449,2.044,0.448,-0.9967,0.306,0.148,0
450,2.045,0.449,-0.9971,0.306,0.147,0
451,2.046,0.45,-0.9977,0.306,0.147,0
452,2.047,0.451,-0.9977,0.306,0.146,0
453,2.048,0.452,-0.9979,0.306,0.145,0
454,2.049,0.453,-0.998,0.306,0.145,0
455,2.05,0.454,-0.9983,0.307,0.144,0
456,2.051,0.455,-0.9983,0.306,0.143,0
457,2.052,0.456,-0.9987,0.306,0.143,0
458,2.053,0.457,-0.9985,0.306,0.142,0
459,2.054,0.458,-0.9992,0.306,0.141,0
460,2.055,0.459,-0.999,0.306,0.14,0
461,2.056,0.46,-0.9994,0.306,0.139,0
462,2.057,0.461,-0.9994,0.306,0.139,0
463,2.058,0.462,-0.9994,0.305,0.138,0
464,2.059,0.463,-0.9997,0.306,0.137,0
465,2.06,0.464,-0.9997,0.306,0.136,0
466,2.061,0.465,-0.9996,0.306,0.136,0
467,2.062,0.466,-1,0.306,0.135,0
468,2.063,0.467,-0.9999,0.306,0.134,0
469,2.064,0.468,-0.9998,0.306,0.133,0
470,2.065,0.469,-0.9999,0.305,0.133,0
471,2.066,0.47,-0.9999,0.306,0.132,0
472,2.067,0.471,-1.0002,0.306,0.131,0
473,2.068,0.472,-0.9996,0.306,0.13,0
474,2.069,0.473,-0.9996,0.305,0.129,0
475,2.07,0.474,-0.9993,0.306,0.129,0
476,2.071,0.475,-0.9993,0.306,0.128,0
477,2.072,0.476,-0.9992,0.306,0.127,0
478,2.073,0.477,-0.9993,0.306,0.126,0
479,2.074,0.478,-0.9991,0.306,0.125,0
480,2.075,0.479,-0.9989,0.306,0.125,0
481,2.076,0.48,-0.9987,0.305,0.124,0
482,2.077,0.481,-0.9986,0.306,0.123,0
483,2.078,0.482,-0.9984,0.306,0.123,0
484,2.079,0.483,-0.9981,0.305,0.122,0
485,2.08,0.484,-0.9977,0.306,0.121,0
486,2.081,0.485,-0.9977,0.306,0.12,0
487,2.082,0.486,-0.9973,0.306,0.12,0
488,2.083,0.487,-0.9973,0.305,0.119,0
489,2.084,0.488,-0.9969,0.306,0.118,0
490,2.085,0.489,-0.9966,0.306,0.117,0
491,2.086,0.49,-0.996,0.306,0.117,0
492,2.087,0.491,-0.9956,0.306,0.115,0
493,2.088,0.492,-0.9954,0.306,0.115,0
494,2.089,0.493,-0.9949,0.305,0.114,0
495,2.09,0.494,-0.9945,0.306,0.114,0
496,2.091,0.495,-0.9941,0.306,0.113,0
497,2.092,0.496,-0.9941,0.306,0.112,0
498,2.093,0.497,-0.9935,0.306,0.111,0
499,2.094,0.498,-0.9928,0.306,0.111,0
500,2.095,0.499,-0.9925,0.306,0.11,0
501,2.096,0.5,-0.992,0.306,0.108,0
502,2.097,0.501,-0.9915,0.306,0.107,0
503,2.098,0.502,-0.9911,0.306,0.107,0
504,2.099,0.503,-0.9907,0.306,0.106,0
505,2.1,0.504,-0.99,0.306,0.105,0
506,2.101,0.505,-0.9897,0.306,0.103,0
507,2.102,0.506,-0.9887,0.306,0.102,0
508,2.103,0.507,-0.988,0.306,0.101,0
509,2.104,0.508,-0.9874,0.306,0.099,0
510,2.105,0.509,-0.9865,0.306,0.098,0
511,2.106,0.51,-0.9861,0.306,0.097,0
512,2.107,0.511,-0.9852,0.305,0.096,0
513,2.108,0.512,-0.9848,0.306,0.094,0
514,2.109,0.513,-0.984,0.306,0.093,0
515,2.11,0.514,-0.9835,0.304,0.092,0
516,2.111,0.515,-0.983,0.306,0.091,0
517,2.112,0.516,-0.9821,0.306,0.089,0
518,2.113,0.517,-0.9812,0.306,0.087,0
519,2.114,0.518,-0.9806,0.306,0.086,0
520,2.115,0.519,-0.9798,0.305,0.085,0
521,2.116,0.52,-0.979,0.305,0.083,0
522,2.117,0.521,-0.9782,0.306,0.081,0
523,2.118,0.522,-0.9771,0.306,0.079,0
524,2.119,0.523,-0.9762,0.306,0.078,0
525,2.12,0.524,-0.9755,0.306,0.077,0
526,2.121,0.525,-0.9748,0.305,0.074,0
527,2.122,0.526,-0.9735,0.305,0.073,0
528,2.123,0.527,-0.9727,0.304,0.072,0
529,2.124,0.528,-0.9719,0.306,0.07,0
530,2.125,0.529,-0.9709,0.306,0.067,0
531,2.126,0.53,-0.9699,0.305,0.066,0
532,2.127,0.531,-0.969,0.306,0.064,0
533,2.128,0.532,-0.9681,0.306,0.063,0
534,2.129,0.533,-0.967,0.306,0.061,0
535,2.13,0.534,-0.966,0.306,0.059,0
536,2.131,0.535,-0.965,0.306,0.057,0
537,2.132,0.536,-0.9639,0.306,0.056,0
538,2.133,0.537,-0.9629,0.306,0.054,0
539,2.134,0.538,-0.9615,0.306,0.052,0
540,2.135,0.539,-0.9603,0.306,0.05,0
541,2.136,0.54,-0.9595,0.305,0.048,0
542,2.137,0.541,-0.9583,0.306,0.047,0
543,2.138,0.542,-0.957,0.306,0.044,0
544,2.139,0.543,-0.9557,0.306,0.042,0
545,2.14,0.544,-0.9547,0.307,0.04,0
546,2.141,0.545,-0.9535,0.306,0.038,0
547,2.142,0.546,-0.9523,0.306,0.036,0
548,2.143,0.547,-0.9508,0.306,0.034,0
549,2.144,0.548,-0.9499,0.306,0.032,0
550,2.145,0.549,-0.9488,0.306,0.031,0
551,2.146,0.55,-0.9477,0.306,0.029,0
552,2.147,0.551,-0.9464,0.306,0.027,0
553,2.148,0.552,-0.9451,0.306,0.025,0
554,2.149,0.553,-0.9436,0.306,0.023,0
555,2.15,0.554,-0.9423,0.306,0.021,0
556,2.151,0.555,-0.9407,0.306,0.019,0
557,2.152,0.556,-0.9395,0.307,0.017,0
558,2.153,0.557,-0.9381,0.306,0.014,0
559,2.154,0.558,-0.9368,0.306,0.013,0
560,2.155,0.559,-0.9354,0.306,0.011,0
561,2.156,0.56,-0.9342,0.305,0.008,0
562,2.157,0.561,-0.9328,0.305,0.006,0
563,2.158,0.562,-0.9313,0.306,0.004,0
564,2.159,0.563,-0.9299,0.306,0.002,0
565,2.16,0.564,-0.9284,0.305,0,0
566,2.161,0.565,-0.9268,0.305,-0.002,0
567,2.162,0.566,-0.9256,0.305,-0.004,0
568,2.163,0.567,-0.924,0.305,-0.006,0
569,2.164,0.568,-0.9227,0.306,-0.008,0
570,2.165,0.569,-0.921,0.306,-0.01,0
571,2.166,0.57,-0.9198,0.306,-0.012,0
572,2.167,0.571,-0.9182,0.306,-0.014,0
573,2.168,0.572,-0.9166,0.306,-0.016,0
574,2.169,0.573,-0.9147,0.306,-0.018,0
575,2.17,0.574,-0.9133,0.306,-0.021,0
576,2.171,0.575,-0.9114,0.306,-0.023,0
577,2.172,0.576,-0.91,0.306,-0.025,0
578,2.173,0.577,-0.9085,0.305,-0.027,0
579,2.174,0.578,-0.907,0.306,-0.029,0
580,2.175,0.579,-0.9054,0.306,-0.031,0
581,2.176,0.58,-0.9037,0.305,-0.033,0
582,2.177,0.581,-0.902,0.306,-0.035,0
583,2.178,0.582,-0.9005,0.306,-0.037,0
584,2.179,0.583,-0.899,0.306,-0.039,0
585,2.18,0.584,-0.8973,0.306,-0.04,0
586,2.181,0.585,-0.8956,0.306,-0.042,0
587,2.182,0.586,-0.8938,0.306,-0.044,0
588,2.183,0.587,-0.8921,0.306,-0.045,0
589,2.184,0.588,-0.8905,0.306,-0.048,0
590,2.185,0.589,-0.8888,0.306,-0.049,0
591,2.186,0.59,-0.8869,0.306,-0.051,0
592,2.187,0.591,-0.885,0.306,-0.053,0
593,2.188,0.592,-0.8836,0.306,-0.054,0
594,2.189,0.593,-0.8818,0.306,-0.056,0
595,2.19,0.594,-0.8799,0.306,-0.057,0
596,2.191,0.595,-0.8782,0.306,-0.059,0
597,2.192,0.596,-0.8763,0.306,-0.06,0
598,2.193,0.597,-0.8747,0.306,-0.062,0
599,2.194,0.598,-0.8728,0.306,-0.063,0
600,2.195,0.599,-0.8714,0.306,-0.064,0
601,2.196,0.6,-0.8693,0.306,-0.067,0
602,2.197,0.601,-0.8677,0.306,-0.068,0
603,2.198,0.602,-0.8654,0.306,-0.069,0
604,2.199,0.603,-0.8638,0.306,-0.07,0
605,2.2,0.604,-0.8617,0.306,-0.072,0
606,2.201,0.605,-0.86,0.305,-0.074,0
